 Andhra Pradesh,,,,,,,,,
1,Srikakulam,1,Kotabommali,, ,1,Laveru,,
,,, ,, ,2,Ranasthalam,,
2,East  Godavari,,,,,,,1,Allavaram
,,,,,,,,2,I.Polavaram
,,,,,,,,3,Kajuluru
,,,,,,,,4,Karapa
,,,,,,,,5,Katretikona
,,,,,,,,6,Malkipuram
,,,,,,,,7,Mamadikuduru
,,,,,,,,8,Sakhinetipalli
,,,,,,,,9,Tallarevu
,,,,,,,,10,Uppalaguptam
3,West Godavari,1,Lingapalem,, ,,,1,Nidamarru
,,2,T Narsapuram,, ,,,2,Ganapavaram
,,,,,,,,3,Pentapadu
,,,,,,,,4,Undi
,,,,,,,,5,Akiveedu
,,,,,,,,6,Kalla
,,,,,,,,7,Bimavaram
,,,,,,,,8,Palakoderu
,,,,,,,,9,Veeravasaram
,,,,,,,,10,Poduru
,,,,,,,,11,Palakollu
,,,,,,,,12,Yelamanchili
,,,,,,,,13,Narasapuram
,,,,,,,,14,Mogalturu
4,Krishna,1,Nuzvid,, ,1,Musunuru,1,Nandiwada
,,,,,,,,2,Mandavalli
,,,,,,,,3,Kaikaluru
,,,,,,,,4,Kalidindi
,,,,,,,,5,Kruthivennu
,,,,,,,,6,Bantumilli
,,,,,,,,7,Mudinepalli
,,,,,,,,8,Gudlavalleru
,,,,,,,,9,Pedana
,,,,,,,,10,Guduru
,,,,,,,,11,Machilipatnam
,,,,,,,,12,Koduru
,,,,,,,,13,Nagayalanka
5,Guntur,1,Nagaram,, ,1,Veldurthi,1,Pedanandipadu
,,, ,, ,2,Bollapalle,2,Kakumanu
,,,,,,,,3,Vatticherukuru
6,Prakasam,1,Tharlapadu,1,Cumbum,1,Bestavaripeta,1,Karamchedu
,,2, Komarolu,,,2,Pedaravidu,,
,,,,,,3,Dornala,,
,,, ,, ,4,Giddaluru,,
,,, ,, ,5,Racherla,,
,,, ,, ,6,Markapuram,,
,,, ,, ,7,Yerragondapalem,,
7,Chittoor,1,B.Kothakota ,1,Baireddypalli ,1,Nindra ,,
,,2,Chittoor ,2,Cggallu ,2,Pakala ,,
,,3,G.D.Nellore ,3,Gudupalli ,3,Penumuru ,,
,,4,Gangavaram ,4,Palasamudram ,4,Pulicherla ,,
,,5,Gurramkonda ,5,Peddapanjani ,5,Puthalapattu ,,
,,6,Irala ,6,Piler ,6,R.C.Puram ,,
,,7,Kalikiri ,7,V.Kota ,7,Ramakuppam ,,
,,8,Karvetinagaram ,, ,8,Ramasamudram ,,
,,9,Kurabalakota ,, ,9,S.R.Puram ,,
,,10,Kv Palli ,, ,10,Santhipuram ,,
,,11,Madanapalli ,, ,11,Thavanampalli ,,
,,12,Molakalacheruvu ,, ,12,Tirupathi® ,,
,,13,Palamaneru ,, ,,,,
,,14,Pedda Thippa Samudram ,, ,,,,
,,15,Punganur ,, ,,,,
,,16,Sodam ,, ,,,,
,,17,Y.V.Palem ,, ,,,,
,,18,Yadamarri ,, ,,,,
8,Ysr Kadapa,1,Atloor,1,Muddanur,1,Chinnamandem,,
,,2,Kalasapadu,2,Pendlimarri,2,Obulavaripalle,,
,,3,Kamalapuram,, ,3,Pulivendula,,
,,4,Kondapuram,, ,4,Pullampet,,
,,5,L.R.Palle,, ,5,Vallur,,
,,6,Lingala,, ,6,Vemula,,
,,7,Porumamilla,, ,, ,,
,,8,Proddatur,, ,, ,,
,,9,Rajampet,, ,, ,,
,,10,Ramapuram,, ,, ,,
,,11,Rayachoty,, ,, ,,
,,12,Thondur,, ,, ,,
,,13,Veeraballi,, ,, ,,
,,14,Vempalle,, ,, ,,
9,Anantapur,1,Atmakur,1,Anantapur,1,Agali,,
,,2,Bk Samudram,2,D Hirehal,2,Amadugu,,
,,3,Bommanahal,3,Kalyandurg,3,Amarapuram,,
,,4,Chilmatur,4,Kanaganapalli,4,Bathalapalli,,
,,5,Gooty,5,Raptadu,5,Bramhasamudram,,
,,6,Gummagatta,6,Rayadurg,6,Bukkapatnam,,
,,7,Kudair,7,Roddam,7,Ck Palli,,
,,8,Penukonda,, ,8,Gandlapenta,,
,,9,Ramagiri,, ,9,Gorantla,,
,,10,Somandapalle,, ,10,Gudibanda,,
,,, ,, ,11,Hindupur,,
,,, ,, ,12,Kambadur,,
,,, ,, ,13,Kothacheruvu,,
,,, ,, ,14,Kundurpi,,
,,, ,, ,15,Lepakshi,,
,,, ,, ,16,Madakasira,,
,,, ,, ,17,Nallacheruvu,,
,,, ,, ,18,Narpala,,
,,, ,, ,19,Od Cheruvu,,
,,, ,, ,20,Parigi,,
,,, ,, ,21,Peddapappur,,
,,, ,, ,22,Putlur,,
,,, ,, ,23,Puttaparthi,,
,,, ,, ,24,Rolla,,
,,, ,, ,25,Settur,,
,,, ,, ,26,Tadimarri,,
,,, ,, ,27,Tadipatri,,
,,, ,, ,28,Talupula,,
,,, ,, ,29,Tanakallu,,
,,, ,, ,30,Yadiki,,
,,, ,, ,31,Yellanur,,
10,Kurnool,1,C Belagal,, ,, ,,
,,2,Gonegandla,, ,, ,,
,,3,Krishnagiri,, ,, ,,
,,4,Oravakal,, ,, ,,
,,5,Peddakadabur,, ,, ,,
 BIHAR,,,,,,,,,
1,Begusarai,1,Naokothi,,,,,,
,,2,Bhagwanpur,,,,,,
2,Gaya,1,Gaya  Sadar,,,,,,
,,2,Imamgang,,,,,,
3,Jahanabad,1,Kako,,,,,,
4,Muzaffarpur,1,Mushari,,,,,,
5,Nalanda,1,Nagarnausa,,,,,,
,,2,Rajgir,,,,,,
,,3,Silao,,,,,,
6,Nawada,1,Meskaur,,,,,,
7,Patna,1,Sampatchak,,,,,,
,,2,Patna Sadar,,,,,,
8,Samastipur,1,Tajpur,,,,,,
9,Vaishali,1,Hazipur,,,,,,
 Chhattisgarh  ,,,,,,,,,
1,Balod,1,Balod,,,1,Gurur,,
2,Bemetara,1, Bemetara,,,,,,
,,2,Saja,,,,,,
3,Bilaspur,1, Belha,,,,,,
,,2,Takhatpur,,,,,,
4,Dhamtari,1, Kurud,1,Dhamtari,,,,
,,2,Nagari,,,,,,
5,Durg,1, Dhamdha,,,,,,
,,2,Durg,,,,,,
,,3,Patan,,,,,,
6,Gariaband,1, Fingeshwar,,,,,,
7,Janjgir - Champa,1, Malkhroda,,,,,,
8,Kawardha,1,Kawardha,,,,,,
,,2,Pandariya,,,,,,
9,Raigarh,1, Pussore,1,Baramkela,,,,
10,Raipur,1, Dharsiwa,,,,,,
11,Rajnandgaon,1,Dongargaon,,,,,,
,,2,Rajnandgaon,,,,,,
 Delhi,,,,,,,,,
1,Central Delhi,1,Darya Ganj,,,1,Karol Bagh,,
,,2,Pahar Ganj,,,,,,
2,East Delhi,,,,,1,Preet Vihar,,
,,,,,,2,Vivek Vihar,,
3,New Delhi,,,,,1,Chanakya Puri,,
,,,,,,2,Connaught Place,,
4,North Delhi,1,Kotwali,,,,,,
,,,,,,,,,
5,North East Delhi,,,,,1,Seema Puri,,
,,,,,,2,Shahdara,,
,,,,,,3,Seelam Pur,,
6,North West Delhi,1,Narela,,,1,Model Town,,
,,2,Saraswati Vihar,,,,,,
7,South Delhi,1,Defence Colony,,,1,Hauz Khas,,
,,,,,,2,Kalkaji,,
8,South West Delhi,1,Najafgarh,,,1,Delhi Cantonment,,
,,,,,,2,Vasant Vihar,,
9,West Delhi,,,,,1,Patel Nagar,,
,,,,,,2,Rajouri Garden,,
 Gujarat,,,,,,,,,
1,Ahmedabad,1,Detroj-Rampura,1,City-Daskroi,,,1,Dhanduka
,,2,Virmagam,2,Dholka,,,,
4,Banaskantha,,,1,Palanpur,1,Deesa,1,Bhabar
,,,,,,2,Deodar,2,Vav
,,,,,,3,Dhanera,,
,,,,,,4,Kankrej,,
,,,,,,5,Tharad,,
,,,,,,6,Vadgam,,
9,Gandhinagar,,,,,1,Dahegam,,
,,,,,,2,Gandhinagar,,
,,,,,,3,Kalol,,
,,,,,,4,Mansa,,
12,Kachchh,1,Nakhatrana,1,Anjar,1,Bhachau,1,Gandhidham
,,,,2,Bhuj,2,Mandvi,,
14,Mahesana,,,1,Vadnagar,1,Bechraji,,
,,,,,,2,Kadi,,
,,,,,,3,Kheralu,,
,,,,,,4,Mahesana,,
,,,,,,5,Satlasna,,
,,,,,,6,Visnagar,,
,,,,,,7,Unjha,,
,,,,,,8,Vijapur,,
18,Patan,,,,,1,Chanasma,1,Harij
,,,,,,2,Patan,2,Sami
,,,,,,3,Siddhpur,3,Radhanpur
,,,,,,,,4,Santhalpur
19,Porbandar,1,Porbandar,,,,,,
,,,,,,,,,
20,Rajkot,,,,,,,1,Maliya
21,Sabarkantha,1,Idar,,,,,,
,,2,Prantij,,,,,,
,,3,Talod,,,,,,
,,4,Wadali,,,,,,
23,Surendranagar,,,,,,,1,Lakhtar
25,Vadodara,1,Vadodara,,,,,,
 Haryana,,,,,,,,,
1,Ambala,1,Ambala Ii,,,1,Barara,,
,,2,Shazadpur,,,2,Naraingarh,,
,,,,,,3,Saha,,
2,Panchkula,,,1,Raipur Rani,,,,
3,Fatehabad,1,Bhuna,,,1,Bhattu Kalan,,
,,, ,,,2,Fatehabad,,
,,,,,,3,Ratia,,
,,,,,,4,Tohana ,,
,,,,,,5,Jakhal,,
4,Bhiwani,, ,1,Bhawani Khera,1,Badra,,
,,,,2,Bhiwani,2,Kairu,,
,,,,3,Dadri-I,3,Loharu,,
,,,,4,Dadri-Ii,4,Behal,,
,,,,,,5,Tosham,,
5,Hissar,1,Uklana,1,Hansi-I,1,Adampur,,
,,,,2,Hansi-Ii (Bass),2,Narnaund,,
6,Gurgaon,,,1,Gurgaon,1,Farukhnagar,,
,,,,,,2,Pataudi,,
,,,,,,3,Sohna,,
7,Mewat,,,1,Punhana,1,Tauru,,
8,Faridabad,,,1,Faridabad,1,Ballabhgarh,,
9,Palwal,1,Hathin,1,Hassanpur,1,Palwal,,
,,2,Hodel,,,,,,
10,Jind,1,Julana,1,Uchana,1,Alewa,,
,,,,,,2,Jind,,
,,,,,,3,Narwana,,
,,,,,,4,Safidon,,
11,Kaithal,,,,,1,Gulha,,
,,,,,,2,Kaithal,,
,,,,,,3,Kalyat,,
,,,,,,4,Pundri,,
,,,,,,5,Rajaund,,
,,,,,,6,Siwan,,
12,Karnal,,,,,1,Assandh,,
,,,,,,2,Gharaunda,,
,,,,,,3,Karnal,,
,,,,,,4,Nilokheri,,
,,,,,,5,Nissang,,
13,Kurukshetra,,,,,1,Babain,,
,,,,,,2,Ladwa,,
,,,,,,3,Pehowa,,
,,,,,,4,Ismailabad,,
,,,,,,5,Shahbad,,
,,,,,,6,Thaneswar,,
14,Mahendragarh,1,Ateli,,,1,Kanina,,
,,2,Nangal Chaudary,,,,,,
15,Panipat,,,,,1,Bapoli,,
,,,,,,2,Israna,,
,,,,,,3,Madlauda,,
,,,,,,4,Panipat,,
,,,,,,5,Samalkha,,
16,Rewari,,,,,1,Khol,,
,,,,,,2,Rewari,,
17,Sirsa,,,,,1,Baraguda,,
,,,,,,2,Dabwali,,
,,,,,,3,Ellenabad,,
,,,,,,4,Ns Chopta,,
,,,,,,5,Odhan,,
,,,,,,6,Rania,,
,,,,,,7,Sirsa,,
18,Sonepat,1,Gohana,,,1,Ganaur,,
,,2,Kharkhoda,,,2,Rai,,
,,,,,,3,Sonepat,,
19,Yamunanagar,,,1,Bilaspur,1,Jagadhri,,
,,,,2,Chachrauli,2,Mustafabad,,
,,,,,,3,Radour,,
,,,,,,4,Sadhuara,,
 Himachal Pradesh,,,,,,,,,
1,Sirmour,,,,,1,Kala Amb Valley ,,
2,Una,,,1,Hum Valley ,,,,
 Jharkhand,,,,,,,,,
1,Bokaro,1,Chandrapura,,,1,Bermo,,
,,2,Chas,,,,,,
2,Dhanbad,1,Baliapur,1,Baghmara,1,Dhanbad,,
,,,,2,Topchanchi,2,Jharia,,
3,East Singhbhum,,,,,1,Golmuri Cum Jugsalai,,
4,Ramgarh,1,Mandu,,,,,,
,,2,Patratu,,,,,,
,,3,Ramgarh,,,,,,
5,Ranchi,1,Kanke,,,,,,
,,2,Khelari,,,,,,
,,3,Ormanjhi,,,,,,
,,4,Ratu,,,,,,
 Karnataka,,,,,,,,,
1,Bagalkote,1,Hungund,,,1,Badami,,
,,2,Mudhol,,,2,Bagalkote,,
2,Bangalore Rural,,,,,1,Devenhalli,,
,,,,,,2,Dodaballapur,,
,,,,,,3,Hoskote,,
,,,,,,4,Nelamangala,,
,,,,,,5,Anekal,,
,,,,,,6,Bangalore East,,
,,,,,,7,Bangalore North,,
,,,,,,8,Bangalore South,,
3,Belgaum,1,Bailahongal,1,Chikodi,1,Athani,,
,,2,Gokak,,,2,Ramdurg,,
,,3,Raybag,,,3,Saundatti,,
4,Bellary,1,Kudligi,1,Hadagalli,1,H.B.Halli,,
5,Bidar,1,Bhalki,,,,,,
6,Bijapur,1,Basavana Bagevadi,,,,,,
,,2,Bijapur,,,,,,
,,3,Indi,,,,,,
7,Chamrajnagara,1,Yelandur,,,1,Gundlupet,,
8,Chikballapur,,,,Bagepalli,1,Chikballapur,,
,,,,,,2,Chintamani,,
,,,,,,3,Gauribidalur,,
,,,,,,4,Gudibanda,,
,,,,,,5,Sidlaghata,,
9,Chikmagalur,,,,,1,Kadur,,
10,Chitradurga,,,1,Hosadurga,1,Challakere,,
,,,,,,2,Chitradurga,,
,,,,,,3,Hiriyur,,
,,,,,,4,Holalkere,,
11,Dakshin Kannada,,,1,Puttur,,,,
12,Davangere,1,Harihar,1,Davangere,1,Channagiri,,
,,,,,,2,Harpanahalli,,
,,,,,,3,Jagalur,,
13,Dharwad,1,Kalghatgi,,,,,,
14,Gadag,1,Mundargi,,,1,Gadag,,
,,2,Nargund,,,2,Ron,,
15,Hassan,,,1,C R Patna,1,Arsikere,,
16,Haveri,1,Hirekerur,1,Byadgi,,,,
,,,,2,Ranibennur,,,,
17,Kolar,,,,,1,Bangarpet,,
,,,,,,2,Kolar,,
,,,,,,3,Malur,,
,,,,,,4,Mulbagal,,
,,,,,,5,Srinivaspur,,
18,Koppal,,,1,Yelbarga,,,,
19,Mysore,,,1,Mysore,,,,
20,Raichur,1,Lingsugur,,,,,,
,,2,Raichur,,,,,,
21,Ramanagara,,,1,Channapatana,1,Kanakapura,,
,,,,2,Magadi,2,Ranmanagara,,
22,Tumkur,1,Pavagada,1,Sira,1,Chicknayakanhalli,,
,,,,,,2,Koratagere,,
,,,,,,3,Madhugiri,,
,,,,,,4,Tiptur,,
,,,,,,5,Tumkur,,
23,Uttar Kannada,1,Haliyal,,,,,,
24,Yadgir,1,Yadgir,,,,,,
 Kerala,,,,,,,,,
1,Idukki,1,Kattappana ,,,,,,
,,2,Nedumkandam ,,,,,,
2,Kannur,1,Kannur ,,,,,,
,,2,Panur,,,,,,
,,3,Thalassery ,,,,,,
3,Kasargod,1,Manjeswar  ,1,Kasaragod ,,,,
4,Kollam,1,Mukhathala ,,,,,,
5,Kozhikode,1,Ballussery ,,,,,,
,,2,Kunnamangalam ,,,,,,
6,Malappuram,1,Tanur ,,,,,,
,,2,Thriurangadi,,,,,,
,,3,Vengara ,,,,,,
7,Palakkad,1,Pattambi,1,Malampuzha ,1,Chittur ,,
8,Trivandrum,1,Athiyannur ,,,,,,
,,2,Chirayinkil,,,,,,
,,3,Parassala ,,,,,,
9,Thrissur,1,Chowannur ,,,,,,
,,2,Mathilakom ,,,,,,
 Madhya Pradesh,,,,,,,,,
1,SHAJAPUR,1,Agar,,,1,Nalkhera ,,
,,2,Barod   ,,,2,Susner,,
2,Barwani,1,Thikari,,,1, Panesmal ,,
,,,,,,2,Rajpur,,
3,Bhopal,1,Phanda,,,,,,
4,Betul,1,Betul  ,,,,,,
5,Burhanpur,1,Burhanpur,,,,,,
6,Chhatarpur,1,Badamalhara   ,,,,,,
,,2,Buxwaha  ,,,,,,
,,3,Chhatarpur,,,,,,
,,4,Nowgaon,,,,,,
,,5,Rajnagar,,,,,,
7,Chhindwara,1,Chindwara    ,,,,,,
8,Damoh,1,Hatta   ,,,,,,
,,2, Patheriya ,,,,,,
9,Dewas,1,Khategaon,,,1,Dewas ,,
,,,,,,2,Sonkutch,,
10,Dhar,1,Manawar ,,,1,Badnawar ,,
,,2,Tirla             ,,,2,Dhar ,,
,,,,,,3,Dharampuri,,
,,,,,,4,Nalcha ,,
11,Gwalior,1,Morar,,,,,,
12,Indore,1,Mhow  ,,,1,Depalpur,,
,,,,,,2,Indore    ,,
,,,,,,3,Sanwer  ,,
13,Khargone,1,Barwaha ,,,,,,
,,2,Khargone  ,,,,,,
,,3,Mahashwar  ,,,,,,
14,Khandwa,1,Chhegaon Makhan,,,,,,
15,Mandsaur,1,Bhanpura,,,1,Mandsaur,,
,,2,Malahargarh  ,,,2,Sitamau                                                                      ,,
16,Morena,1,Morena  ,,,,,,
,,2,Porsa  ,,    ,,,,
17,Neemuch,1,Jawad ,1,Neemuch,,,,
18,Narsinghpur,1,Gotegaon ,,,,,,
,,2,Narsinghpur      ,,,,,,
19,Panna,1,Ajaygarh,,,,,,
20,Rajgarh,1,Biora   ,,,,,,
,,2,Khilchipur   ,,,,,,
,,3,Narsinghgarh   ,,,,,,
,,4,Sarangpur ,,,,,,
21,Ratlam,1,Sailana,,,1,Alote  ,,
,,,,,,2,Jaora           ,,
,,,,,,3,Piploda  ,,
,,,,,,4,Ratlam  ,,
22,Rewa,1, Sirmour ,,,,,,
23,Satna,1,Maihar   ,1,Sohawal ,1,Rampur Baghalan,,
,,2,Nagod ,,,,,,
,,3,Amarpatan,,,,,,
24,Sagar,1,Banda                    ,,,,,,
25,Sehore,1,Ashta   ,,,,,,
,,2,Sehore,,,,,,
26,Shajapur,1,Kalapipal ,,,1,.Mohan Berodia ,,
,,2,Shajapur ,,,2,Shujalpur,,
27,Shivpuri,1,Badarwas  ,,,,,,
,,2,Khanniyadhana                 ,,,,,,
,,3,Karera        ,,,,,,
,,4,Narwar,,,,,,
,,5,Pichor ,,,,,,
28,Sidhi,1,Sidhi,,,,,,
29,Tikamgarh,1,Baldeogarh ,,,,,,
,,2,Jatarah ,,,,,,
,,3,Niwari    ,,,,,,
,,4, Palera          ,,,,,,
,,5,Tikamgarh ,,,,,,
30,Ujjain,1,Khachrod ,,,1,Badnagar ,,
,,2,Mahidpur ,,,2,Ghatia ,,
,,,,,,3,Ujjain,,
 Maharashtra,,,,,,,,,
1,AHMADNAGAR,1,Kopargaon,,,1,Rhata,,
,,2,Newasa,,,2,Sangamner,,
,,3,Shrigonda,,,,,,
2,AMARAVATI,1,Achlapur,,,1,Chandur Bazar,,
,,2,Morshi,,,2,Daryapur,,
,,,,,,3,Warud,,
3,Buldhana,1,Motala,,,1,Jalgaon,,
4,Jalgaon,1,Bodwad,,,1,Raver,,
,,2,Muktainagar,,,2,Yawal,,
,,3,Parola,,,,,,
5,Latur,1,Latur,,,,,,
6,NASIK,1,Chandwad,,,,,,
,,2,Deola,,,,,,
,,3,Niphad,,,,,,
,,4,Sinnar,,,,,,
7,Osmanabad,1,Osmanabad,,,,,,
8,Pune,1,Baramati,,,,,,
,,2,Purandhar,,,,,,
9,Sangli,1,Miraj,1,Kavathe Mahankal,,,,
10,Satara,1,Khatav,,,,,,
11,Solapur,,,,,1,Malshiras,,
Orissa,,,,,,,,,
1,Bhadrak,,,,,,,1,Chandbali
2,Jagatsinghpur,,,,,,,1,Ersama
3,KENDRAPARHA,,,,,,,1,Mahakalpada
,,,,,,,,2,Marshaghai
,,,,,,,,3,Rajkanika
,,,,,,,,4,Rajnagar
  Punjab ,,,,,,,,,
1,Amritsar,,,1,Majitha,1,Ajnala,,
,,,,,,2,Chogawan,,
,,,,,,3,Harsha China,,
,,,,,,4,Jandiala,,
,,,,,,5,Rayya,,
,,,,,,6,Tarsika,,
,,,,,,7,Verka,,
2,Barnala,,,,,1,Barnala,,
,,,,,,2,Mahal Kalan,,
,,,,,,3,Sehna,,
3,Bathinda,,,,,1,Phul,,
,,,,,,2,Maur,,
,,,,,,3,Bathinda,,
4,Faridkot,,,,,1,Faridkot,,
,,,,,,2,Kot Kapura,,
5,Fatehgarh Sahib,,,,,1,Khera,,
,,,,,,2,Sirhind,,
,,,,,,3,Amloh,,
,,,,,,4,Bassi Pathana,,
,,,,,,5,Khamanon,,
6,FIROZPUR,,,,,1,Fazilka,,
,,,,,,2,Jalalabad,,
7,Ferozepur,,,1,Guru Har Sahai,1,Ferozpur,,
,,,,,,2,Ghall Khurd,,
,,,,,,3,Makhu,,
,,,,,,4,Mamdot,,
,,,,,,5,Zira,,
8,Gurdaspur,1,Gurdaspur,,,1,Batala,,
,,,,,,2,Fatehgarh Churian,,
,,,,,,3,Kahnuwan,,
,,,,,,4,Kalanaur,,
,,,,,,5,Qadian,,
,,,,,,6,Sri Hargobindpur,,
,,,,,,7,Dera Baba Nanak,,
,,,,,,8,Dhariwal,,
9,Hoshiarpur,1,Mukerian,,,1,Dasuya,,
,,,,,,2,Garhshankar,,
,,,,,,3,Hoshiarpur-1,,
,,,,,,4,Tanda,,
10,Jalandhar,,,,,1,Adampur,,
,,,,,,2,Bhogpur,,
,,,,,,3,Rurka Kalan,,
,,,,,,4,Jalandhar-East,,
,,,,,,5,Jalandhar-West,,
,,,,,,6,Lohian,,
,,,,,,7,Nakodar,,
,,,,,,8,Nur Mahal,,
,,,,,,9,Phillaur,,
,,,,,,10,Shahkot,,
11,Kapurthala,,,,,1,Nadala,,
,,,,,,2,Dhilwan,,
,,,,,,3,Kapurthala,,
,,,,,,4,Phagwara,,
,,,,,,5,Sultanpur Lodhi,,
12,Ludhiana,,,,,1,Dehlon,,
,,,,,,2,Doraha,,
,,,,,,3,Jagraon,,
,,,,,,4,Khanna,,
,,,,,,5,Ludhiana,,
,,,,,,6,Mangat,,
,,,,,,7,Pakhowal,,
,,,,,,8,Raikot,,
,,,,,,9,Samrala,,
,,,,,,10,Sidhwan Bet,,
,,,,,,11,Sudhar,,
13,Mansa,,,1,Jhunir,1,Bhikhi,,
,,,,,,2,Budhlada,,
,,,,,,3,Mansa,,
,,,,,,4,Sardulgarh,,
14,Moga,,,,,1,Bagha Purana,,
,,,,,,2,Dharamkot (Kot Isa Khan),,
,,,,,,3,Moga I,,
,,,,,,4,Moga Ii,,
,,,,,,5,Nihal Singh Wala,,
15,Nawan Shahr,,,1,Nawan Shahr,1,Aur,,
,,,,,,2,Banga,,
17,Patiala,,,,,1,Bhuner Heri,,
,,,,,,2,Ghanaur,,
,,,,,,3,Nabha,,
,,,,,,4,Patiala,,
,,,,,,5,Rajpura,,
,,,,,,6,Samana,,
,,,,,,7,Sanaur,,
,,,,,,8,Patran,,
18,Ropar,1,Anandpur Sahib,,,1,Morinda,,
,,,,,,2,Nurpur Bedi,,
19,SAS NAGAR,,,,,1,Dera Bassi,,
,,,,,,2,Kharar,,
20,Sangrur,,,,,1,Ahmedgarh,,
,,,,,,2,Andana,,
,,,,,,3,Bhiwanigarh,,
,,,,,,4,Dhuri,,
,,,,,,5,Lehraghaga,,
,,,,,,6,Maler Kotla ,,
,,,,,,7,Sangrur,,
,,,,,,8,Sherpur,,
,,,,,,9,Sunam,,
21,Tarn Taran,,,,,1,Bhikhiwind,,
,,,,,,2,Chola Sahib,,
,,,,,,3,Gandiwind,,
,,,,,,4,Khadur Sahib,,
,,,,,,5,Naushehra Panuan,,
,,,,,,6,Patti,,
,,,,,,7,Tarn Taran,,
,,,,,,8,Valtoha,,
  Rajasthan,,,,,,,,,
1,Ajmer,,,,,1,Arain,,
,,,,,,2,Bhinai,,
,,,,,,3,Jawaja,,
,,,,,,4,Kekri,,
,,,,,,5,Kishangarh (Silora),,
,,,,,,6,Masuda,,
,,,,,,7,Peesangan,,
,,,,,,8,Srinagar,,
2,Alwar,,,,,1,Bansur,,
,,,,,,2,Behror,,
,,,,,,3,Kathumar,,
,,,,,,4,Kishangarh Bas,,
,,,,,,5,Kotkasim,,
,,,,,,6,Laxmangarh,,
,,,,,,7,Mandawar,,
,,,,,,8,Neemrana,,
,,,,,,9,Rajgarh,,
,,,,,,10,Ramgarh,,
,,,,,,11,Reni,,
,,,,,,12,Thanagazi,,
,,,,,,13,Tijara,,
,,,,,,14,Umren,,
3,Baran,1,Anta,,,1,Atru,,
,,2,Kishanganj,,,2,Baran,,
,,3,Shahbad,,,3,Chhabra,,
,,,,,,4,Chhipabarod,,
4,Barmer,,,1,Chohtan,1,Baetu,,
,,,,,,2,Balotra,,
,,,,,,3,Dhorimanna,,
,,,,,,4,Sheo,,
,,,,,,5,Sindhari,,
,,,,,,6,Siwana,,
5,Bharatpur,,,1,Deeg,1,Bayana,,
,,,,2,Nagar Pahari,2,Kaman,,
,,,,,,3,Kumher,,
,,,,,,4,Nadbai,,
,,,,,,5,Rupbas,,
,,,,,,6,Sewar,,
,,,,,,7,Weir,,
5,Bhilwara,,,,,1,Asind,,
,,,,,,2,Banera,,
,,,,,,3,Hurda,,
,,,,,,4,Jahazpur,,
,,,,,,5,Kotri,,
,,,,,,6,Mandal,,
,,,,,,7,Mandalgarh,,
,,,,,,8,Raipur,,
,,,,,,9,Sahara,,
,,,,,,10,Shahpura,,
,,,,,,11,Suwana,,
6,Bikaner,,,,,1,Bikaner,1,Khajuwala 
,,,,,,2,Dungargarh,,
,,,,,,3,Nokha,,
7,Bundi,1,Bundi,,,1,Hindoli,,
,,,,,,2,Nainwa,,
8,Chittaurgarh,,,,,1,Bari Sadri,,
,,,,,,2,Begun,,
,,,,,,3,Bhadesar,,
,,,,,,4,Bhainsrogarh,,
,,,,,,5,Bhopalsagar,,
,,,,,,6,Chittaurgarh,,
,,,,,,7,Dungla,,
,,,,,,8,Gangrar,,
,,,,,,9,Kapasan,,
,,,,,,10,Nimbahera,,
,,,,,,11,Rashmi,,
9,Churu,,,,,1,Rajgarh,1,Tara Nagar 
,,,,,,2,Sujangarh,,
,,,,,,,,,
10,Dausa,,,,,1,Bandikui,,
,,,,,,2,Dausa,,
,,,,,,3,Lalsot,,
,,,,,,4,Mahwa,,
,,,,,,5,Sikrai,,
11,DHOLPUR,1,Bari,,,1,Dholpur,,
,,2,Baseri,,,2,Rajakhera,,
12,Dungarpur,1,Simalwara,,,,,,
13,Hanumangarh,,,,,,,1,Rawatsar
14,Jaipur,,,1,Phagi,1,Amer,,
,,,,,,2,Bassi,,
,,,,,,3,Chaksu,,
,,,,,,4,Dudu,,
,,,,,,5,Govindgarh,,
,,,,,,6,Jamwa Ramgarh,,
,,,,,,7,Jhotwara,,
,,,,,,8,Kotputli,,
,,,,,,9,Sambhar,,
,,,,,,10,Sanganer,,
,,,,,,11,Shahpura,,
,,,,,,12,Viratnagar (Bairath),,
15,Jaisalmer,,,,,1,Jaisalmer,,
,,,,,,2,Sam,,
,,,,,,3,Sankra,,
17,Jalor,,,1,Chitalwana,1,Ahore,,
,,,,,,2,Bhinmal,,
,,,,,,3,Jalore,,
,,,,,,4,Jaswantpura,,
,,,,,,5,Raniwara,,
,,,,,,6,Sanchore,,
,,,,,,7,Sayla,,
18,Jhalawar,1,Bakani,,,1,Khanpur,,
,,2,Jhalrapatan,,,,,,
,,3,Manohar Thana,,,,,,
,,4,Pirawa,,,,,,
19,Jhunjhunun,,,,,1,Alsisar,,
,,,,,,2,Buhana,,
,,,,,,3,Chirawa,,
,,,,,,4,Jhunjhunun,,
,,,,,,5,Khetri,,
,,,,,,6,Nawalgarh,,
,,,,,,7,Surajgarh,,
,,,,,,8,Udaipurwati,,
20,Jodhpur,,,,,1,Balesar,,
,,,,,,2,Bawari,,
,,,,,,3,Bhopalgarh,,
,,,,,,4,Bilara,,
,,,,,,5,Mandor,,
,,,,,,6,Osian,,
,,,,,,7,Phalodi,,
,,,,,,8,Shergarh,,
21,Karauli,,,,,1,Hindaun,,
,,,,,,2,Karauli,,
,,,,,,3,Sapotra,,
,,,,,,4,Todabhim,,
22,Kota,1,Ladpura,1,Itawa,1,Khairabad,,
,,2,Sultanpur,,,2,Sangod,,
23,Nagaur,,,1,Ladnu,1,Degana,,
,,,,2,Nagaur,2,Didwana,,
,,,,,,3,Jayal,,
,,,,,,4,Kuchaman City,,
,,,,,,5,Makrana,,
,,,,,,6,Merta,,
,,,,,,7,Mundwa,,
,,,,,,8,Parbatsar,,
,,,,,,9,Riyan,,
24,Pali,1,Rohat,,,1,Bali,,
,,2,Sumerpur,,,2,Desuri,,
,,,,,,3,Jaitaran,,
,,,,,,4,Marwar Junction,,
,,,,,,5,Raipur,,
,,,,,,6,Rani,,
,,,,,,7,Sojat,,
25,Pratapgarh,,,1,Dhariyabad,1,Arnod,,
,,,,,,2,Chhotisadri,,
,,,,,,3,Pratapgarh,,
26,Rajsamand,1,Deogarh,,,1,Amet,,
,,2,Khamnor,,,2,Bhim,,
,,3,Kumbhalgarh,,,3,Railmagra,,
,,,,,,4,Rajsamand,,
27,SWAIMADHOPUR,,,,,1,Bamanwas,,
,,,,,,2,Bonli,,
,,,,,,3,Gangapur,,
,,,,,,4,Khandar,,
,,,,,,5,Sawai Madhopur,,
28,Sikar,1,Fatehpur,,,1,Danta Ramgarh,,
,,,,,,2,Dhod,,
,,,,,,3,Khandela,,
,,,,,,4,Lachhmangarh,,
,,,,,,5,Neem Ka Thana,,
,,,,,,6,Piprali,,
,,,,,,7,Sri Madhopur,,
29,Sirohi,1,Abu Road,,,1,Reodar,,
,,2,Pindwara,,,2,Sheoganj,,
,,,,,,3,Sirohi,,
30,Tonk,,,,,1,Malpura,,
,,,,,,2,Niwai,,
,,,,,,3,Uniara,,
31,Udaipur,1,Girwa,,,1,Badgaon,,
,,2,Gogunda,,,2,Bhindar,,
,,3,Jhadol,,,3,Mavli,,
,,4,Kherwara,,,,,,
,,5,Lasadiya,,,,,,
,,6,Salumbar,,,,,,
,,7,Sarada,,,,,,
  Tamil Nadu,,,,,,,,,
1,Ariyalur,1,Sendurai,,,,,,
,,2,Suthamalli,,,,,,
2,Chennai,,,,,1,Egmore - Nungambakkam--I,,
,,,,,,2,Egmore - Nungambakkam--Ii,,
,,,,,,3,Egmore - Nungambakkam--Iii,,
,,,,,,4,Egmore - Nungambakkam-Iv,,
,,,,,,5,Kottai - Thondiarpet-I,,
,,,,,,6,Kottai - Thondiarpet-Ii,,
,,,,,,7,Kottai - Thondiarpet-Iii,,
,,,,,,8,Kottai - Thondiarpet-Iv,,
,,,,,,9,Mambalam - Guindy-I,,
,,,,,,10,Mambalam - Guindy-Ii,,
,,,,,,11,Mambalam - Guindy-Iii,,
,,,,,,12,Mambalam - Guindy-Iv,,
,,,,,,13,Mylapore - Tiruvallikeni--I,,
,,,,,,14,Mylapore - Tiruvallikeni--Ii,,
,,,,,,15,Mylapore - Tiruvallikeni--Iii,,
,,,,,,16,Mylapore - Tiruvallikeni--Iv,,
,,,,,,17,Purasawalkam -  Perambur-I,,
,,,,,,18,Purasawalkam -  Perambur-Ii,,
,,,,,,19,Purasawalkam -  Perambur-Iii,,
,,,,,,20,Purasawalkam -  Perambur-Iv,,
3,Coimbatore,1,Alandurai,1,Annur(S),1,Annur(N),,
,,2,Karamadai,2,Sarkar Samakulam,2,Anupparpalayam,,
,,3,Kottur,,,3,Coimbatore South,,
,,4,Madukkarai,,,4,Ganapathi,,
,,5,Marchinaickenpalayam,,,5,Karumathampatti,,
,,6,Mettupalayam,,,6,Kinathukatavu,,
,,7,Perur,,,7,Kolarpatti,,
,,8,Saravanampatti,,,8,Kovilpalayam,,
,,,,,,9,Ottakkal Mandabam,,
,,,,,,10,Perianegamam,,
,,,,,,11,Periyanaickenpalayam,,
,,,,,,12,Pollachi(N),,
,,,,,,13,Pollachi(S),,
,,,,,,14,Ramapattinam,,
,,,,,,15,Selakkarichal,,
,,,,,,16,Singanallur,,
,,,,,,17,Sulur,,
,,,,,,18,Thondamuthur,,
,,,,,,19,Thudialur,,
,,,,,,20,Vadachittur,,
,,,,,,21,Varapatti,,
4,Cuddalore,1,Manjakkuppam,1,Nellikuppam,1,Kammapuram(E),1,Parangipettai
,,2,Panruti,2,Pennadam,2,Kammapuram(W),,
,,3,Sethiyathope,,,3,Retty Chavadi,,
,,4,Sirupakkam,,,4,Thiruvanthipuram,,
,,5,Tittagudi (E),,,5,Umangalam,,
,,,,,,6,Virudhachalam (S),,
5,Dharmapuri,1,Dharmapuri,1,Morappur,1,Bommidi,,
,,2,Harur,2,Nallampalli,2,Indur,,
,,3,Krishnapuram,3,Pappireddipatty,3,Kadathur,,
,,4,Sunjalnatham,,,4,Kambainallur,,
,,5,Theerthamalai,,,5,Karimangalam,,
,,,,,,6,Marandahalli,,
,,,,,,7,Palacode,,
,,,,,,8,Palayam,,
,,,,,,9,Papparapatty,,
,,,,,,10,Pennagaram,,
,,,,,,11,Perumbalai,,
,,,,,,12,Pulikarai ,,
,,,,,,13,Thenkaraikottai,,
,,,,,,14,Vellichandai ,,
6,Dindigul,1,Athoor,1,Dharmathupatti,1,Ayyalur,,
,,2,Ayakudi,2,Dindigul South,2,Ayyampalayam,,
,,3,Dindigul North,3,Oruthattu,3,Chinnakkampatti,,
,,4,Kambiliampatti,4,Pillaiyarnatham,4,Chinnalpatti,,
,,5,Korikadavu,5,Thoppampatti,5,Devathur,,
,,6,Natham,,,6,Eriodu,,
,,7,Pappampatti,,,7,Kallimanthayam,,
,,8,Reddiapatti,,,8,Kottanatham,,
,,9,Senthurai,,,9,Kovilur,,
,,,,,,10,Nilakottai,,
,,,,,,11,Oddanchathram,,
,,,,,,12,Palakkanoothu,,
,,,,,,13,Palayam,,
,,,,,,14,Puliyurnatham,,
,,,,,,15,Reddiarchatram,,
,,,,,,16,Shanarpatti,,
,,,,,,17,Silvathur,,
,,,,,,18,Vadamadurai,,
,,,,,,19,Vatlagundu,,
,,,,,,20,Vedasandur,,
,,,,,,21,Viruveedu,,
7,Erode,1,Bhavani,1,Ammapettai,1,Anthiyur,,
,,2,Kanjikoil,2,Arachalur,2,Bhavanisagar,,
,,3,Kasipalayam,3,Arasur,3,Chennimalai,,
,,4,Kavandapadi,4,Athani,4,Elathur,,
,,5,Kilampadi,5,Erode West,5,Erode East,,
,,6,Kurichi,,,6,Erode North,,
,,7,Kuthiyalathur,,,7,Kodumudi,,
,,8,Sathyamangalam,,,8,Modakurichi,,
,,9,Siruvalur,,,9,Nambiyur,,
,,10,Thalavadi,,,10,Perundurai,,
,,11,Thingalur,,,11,Punjaipuliampatti,,
,,,,,,12,Vellode,,
8,KANCHIPURAM,1,Acchirupakkam,1,Appur,1,Govindhavadi,,
,,2,Chengalpattu,2,Arumpuliyur,2,L.Endathur,,
,,3,Cheyyur,3,Mangadu,3,Singaperumalkoil,,
,,4,Chithamur,4,Nerumbur,4,Sirukaveripakkam,,
,,5,Guduvancheri,5,Orathi,5,Walajabad,,
,,6,Jameenendathur,6,Thirukazhukundram,,,,
,,7,Kaliyampoondi,7,Thiruppu Kuzhi,,,,
,,8,Kattankulathur,8,Thirupulivanam,,,,
,,9,Kunnavakkam,,,,,,
,,10,Mamallapuram,,,,,,
,,11,Onampakkam,,,,,,
,,12,Perumpakkam,,,,,,
,,13,Ponvilayanthakalathur,,,,,,
,,14,Uthiramerur,,,,,,
,,15,Vandalur,,,,,,
9,Kanniyakumari,1,Rajakkamangalam,,,,,,
10,Karur,1,Karur,1,Kattalai,1,K.Paramathy,,
,,,,2,Pugalur,2,Kadavur,,
,,,,3,Thalapatti,3,Mailampatti,,
,,,,,,4,Pallapatti,,
,,,,,,5,Panjapatti,,
,,,,,,6,Thennilai,,
,,,,,,7,Thogaimalai,,
,,,,,,8,Thoranakalpatti,,
,,,,,,9,Vangal,,
,,,,,,10,Velliyanai,,
11,Krishnagiri,1,Barur,1,Hosur,1,Alapatti,,
,,2,Berigai,,,2,Bargur,,
,,3,Mathigiri,,,3,Guruparapalli,,
,,4,Nagarasampatti,,,4,Kallavi,,
,,5,Periyamuthur,,,5,Krishnagiri,,
,,6,Rayakottai,,,6,Mathur,,
,,7,Shoolagiri,,,7,Palepalli,,
,,8,Uthanapalli,,,8,Pochampalli,,
,,,,,,9,Samalpatti,,
,,,,,,10,Singarapettai,,
,,,,,,11,Uthangarai,,
,,,,,,12,Veppanapalli,,
12,Madurai,1,Athipatti,1,Kokkulam,1,A.Vellalapatti,,
,,2,Elumalai,2,Kottampatti,2,Muduvarpatti,,
,,3,Kalligudi,3,Madurai West,3,Palamedu,,
,,4,Karumathur,4,Sedapatti,4,Usilampatti,,
,,5,Madurai East,5,Sindhupatti,5,Uthappanaickanur,,
,,6,Nagamalali Pudukotta,,,,,,
,,7,Neerathan,,,,,,
,,8,Pannikkundu,,,,,,
,,9,Peraiyur,,,,,,
,,10,Thenkarai,,,,,,
,,11,Thirumangalam,,,,,,
,,12,Valanthur,,,,,,
,,13,Vellalur,,,,,,
13,Nagapattinam,,,1,Madhanam,1,Kuttalam,1,Kangalancheri
,,,,,,2,Manganallur,2,Kariyapattinam
,,,,,,3,Mayiladuthurai,3,Keelaiyur
,,,,,,4,Melaiyur,4,Kilvelur
,,,,,,5,Palaiyur,5,Nagappattinam
,,,,,,6,Pattavarthi,6,Nirmulai
,,,,,,7,Puthur,7,Thagatur
,,,,,,8,Sembanarkoil,8,Thalainayar
,,,,,,9,Sirkali,9,Therkupoigainallur
,,,,,,10,Thiruvilaiyattam,10,Thevoor
,,,,,,11,Vaitheeswaran Koil,11,Thillayadi
,,,,,,,,12,Thirukkuvalai
,,,,,,,,13,Thirumarugal
,,,,,,,,14,Thiruvengadu
,,,,,,,,15,Valivalam
,,,,,,,,16,Vedaranyam
,,,,,,,,17,Velanganni
14,Namakkal,1,Jedarpalayam,1,Elachipalayam,1,Alanganatham,,
,,2,Kumarapalayam,2,Pallapatti,2,Erumaipatti,,
,,3,Manickampalayam,,,3,Kalappanaikanpatti,,
,,4,Molasi,,,4,Mallasamudram,,
,,5,Tiruchengode,,,5,Mangalapuram,,
,,,,,,6,Mohanur,,
,,,,,,7,Mullukurichi,,
,,,,,,8,Nallipalayam,,
,,,,,,9,Nallur,,
,,,,,,10,Namagiripettai,,
,,,,,,11,Namakkal,,
,,,,,,12,Pandamangalam,,
,,,,,,13,Paramathi,,
,,,,,,14,Puduchatram,,
,,,,,,15,Rasipuram,,
,,,,,,16,Sellappampatti,,
,,,,,,17,Senthamagalam,,
,,,,,,18,Vaiyappamalai,,
,,,,,,19,Valaiyapatti,,
,,,,,,20,Vennandur,,
15,Perambalur,1,Kolakanatham,,,1,Chettikulam,,
,,2,Koothur,,,2,Keelapuliyur,,
,,,,,,3,Kurumbalur,,
,,,,,,4,Pasumbalur,,
,,,,,,5,Perambalur,,
,,,,,,6,Valikandapuram,,
,,,,,,7,Vengalam,,
16,Pudukkottai,1,Alangudi,,,,,1,Kottaipattinam
,,2,Arasarkulam,,,,,2,Perumaruthur
,,3,Karaiyur,,,,,3,Sinkavanam
,,4,Keeramangalam,,,,,,
,,5,Viralimalai,,,,,,
17,Ramanathapuram,1,Perunkulam,,,,,1,Kadaladi
,,,,,,,,2,Mangalakudi
,,,,,,,,3,Melachelvanur
,,,,,,,,4,Mudukulathur South
,,,,,,,,5,S.Tharaikudi
,,,,,,,,6,Sayalkudi
,,,,,,,,7,Sikkal
,,,,,,,,8,Thirupullani
,,,,,,,,9,Thondi
18,Salem,1,Belur,1,Poolampatti,1,Attur,,
,,2,Karupur,2,Suramangalam,2,Edappadi,,
,,3,Kolathur,,,3,Ernapuram,,
,,4,Mettur,,,4,Gangavalli,,
,,5,Pottaneri,,,5,Kadayampatti,,
,,6,Thevur,,,6,Karippatti,,
,,7,Veeraganoor,,,7,Kattukkottai,,
,,,,,,8,Konganapuram,,
,,,,,,9,Malliyakarai,,
,,,,,,10,Mecheri,,
,,,,,,11,Nangavalli,,
,,,,,,12,Omalur,,
,,,,,,13,Palamalai,,
,,,,,,14,Panamarathuppatti,,
,,,,,,15,Pethanaickanpalayam,,
,,,,,,16,Salem_Town,,
,,,,,,17,Sankari East,,
,,,,,,18,Sankari West,,
,,,,,,19,Semmandappatti,,
,,,,,,20,Thalaivasal,,
,,,,,,21,Tharamangalam,,
,,,,,,22,Thirumalaigiri,,
,,,,,,23,Valasaiyur,,
,,,,,,24,Vazhappadi,,
,,,,,,25,Veerapandi,,
,,,,,,26,Vembadithalam,,
,,,,,,27,Yethapur,,
19,Sivagangai,1,Varappur,,,,,,
20,Thanjavur,1,Adirampattinam,1,Kabisthalam,1,Aduthurai,,
,,2,Andikkadu,2,Pattukkottai,2,Ammapet,,
,,3,Budalur,3,Thanjavur,3,Avanam,,
,,4,Cholanmaligai,4,Thirukkattupalli,4,Ayyampettai,,
,,5,Kavalipatti,5,Thirumangalakottai,5,Devanancheri,,
,,6,Kurichi,,,6,Kandiyur,,
,,7,Nambivayal,,,7,Kathiramangalam,,
,,8,Perambur,,,8,Kumbakonam,,
,,9,Sillathur,,,9,Kuruvikarambai,,
,,10,Thambikkottai,,,10,Melattur,,
,,11,Ulur,,,11,Murukkangudi,,
,,,,,,12,Nachiyarkoil,,
,,,,,,13,Nadukaveri,,
,,,,,,14,Nanjikottai,,
,,,,,,15,Pandanallur,,
,,,,,,16,Papanasam,,
,,,,,,17,Ramapuram,,
,,,,,,18,Thiruvaiyaru,,
,,,,,,19,Thiruvidamarudur,,
,,,,,,20,Thondarampattu,,
,,,,,,21,Thuvarankurichi,,
,,,,,,22,Tiruchitrambalam,,
,,,,,,23,Tiruppanandal,,
,,,,,,24,Vallam,,
21,Theni,1,Devathanapatti,1,Andipatti,1,Erasakkanaickanur,,
,,2,Theni,2,Rajathani,2,Kandamanur,,
,,3,Thenkarai,,,3,Kodivilarpatti,,
,,4,Uthamapalayam,,,4,Thevaram,,
22,Thirunelveli,1,Alankulam,1,Ayikudi,1,Kallurani,,
,,2,Kadayanallur,2,Gudalur,2,Karisal Kulam,,
,,3,Levinjipuram,3,Thiruvengadem,3,Karivaklamvandanallur,,
,,4,Manur,4,Venkadampatti,4,Karuvantha,,
,,5,Sivanthipatti,5,Puliyankudi,5,Keezhapavoor,,
,,6,Thalaiyuthu,6,Radhapuram,6,Kurukkalpatti,,
,,7,Tisayanvilai,,,7,Nettur,,
,,8,Vasudevanallur,,,8,Pazhankottai,,
,,9,Veerakeralampudur,,,9,Pazhavoor,,
,,,,,,10,Sankarankoil,,
,,,,,,11,Sernthamangalam,,
,,,,,,12,Surandai,,
,,,,,,13,Uthumalai,,
,,,,,,14,Vannikonenthal,,
,,,,,,15,Veerasigamani,,
23,Thiruvallur,1,Ammanambakkam,1,Balapuram,1,Ambattur,1,Minjur
,,2,Avadi,2,Erumbi,2,Cherukkanoor,,
,,3,Kanagammachattram,3,Gummidipoondi,3,R.K.Pet,,
,,4,Kattur,4,Kadambathur,4,Vengathur,,
,,5,Madhavaram,5,Kannigaipair,,,,
,,6,Morai,6,Mappedu,,,,
,,7,Pallipattu,7,Thiruninravur,,,,
,,8,Periyapalayam,8,Uthukkottai,,,,
,,9,Poonamallee,,,,,,
,,10,Poonimangadu,,,,,,
,,11,Pothattur Pettai,,,,,,
,,12,Thirumazhisai,,,,,,
,,13,Tiruttani,,,,,,
,,14,Velakapuram,,,,,,
24,Thiruvannamalai,1,Agrapalayam,1,Chennavaram,1,Chengam,,
,,2,Anakavoor,2,Desur,2,Cheyyar,,
,,3,Dusi,3,Eraiyur,3,Kilpennathur,,
,,4,Kadaladi,4,Kelur,4,Malaiyur,,
,,5,Kalasapakkam,5,Kettavarampalayam,5,Melpallipattu,,
,,6,Kannamangalam,6,Kilkodungalur,6,Osur,,
,,7,Mandakolathur,7,Kolappalur,7,Pachal,,
,,8,Mangalam,8,Nayadumangalam,8,Pudupalayam,,
,,9,Modayur,9,Nedungunam,9,Somaspadi,,
,,10,Mullipattu,10,Peranamallur,10,Thandarampat,,
,,11,Nateri,11,Santhavasal,11,Thurinjapuram,,
,,12,Polur,12,Thachambadi,12,Vandavasi,,
,,13,T.V.Malai  (South),13,Thanipadi,13,Veraiyur,,
,,14,T.V.Malai (North),14,Thatchampattu,,,,
,,15,Thellar,15,Vadathandalam,,,,
,,16,Thethurai,16,Vanapuram,,,,
,,17,Vakkadai,,,,,,
,,18,Vettavlam,,,,,,
,,19,Vinnamangalam,,,,,,
25,Thiruvarur,1,Koothanallur,1,Thiruvizhimazhalai,1,Agarathirumalam,1,Alathampadi
,,2,Nannilam,,,2,Alangudi,2,Edaiyur
,,3,Sannanallur,,,3,Avoor,3,Muthupet
,,,,,,4,Kodavasal,4,Thiruthuraipoondi
,,,,,,5,Koradacheri,,
,,,,,,6,Kulikkarai,,
,,,,,,7,Peralam,,
,,,,,,8,Thirukkannamangai,,
,,,,,,9,Valangaiman,,
26,Thoothukudi,1,Kadambur,1,Parivallikottai,1,Ilayarasanendal,,
,,2,Kayathar,,,2,Pallakurichi,,
,,3,Ottapidaram,,,3,Udangudi,,
,,4,Sattankulam,,,,,,
27,Trichy,1,Ealurpatti,1,Eragudi,1,Kannanur,,
,,2,Mannachanallur,2,Manapparai,2,Kariyamanickam,,
,,3,Musiri,3,Pannappatti,3,Kattuputhur,,
,,4,Sirugambur,4,Peruvalpur,4,Koppampatti,,
,,5,Uppiliyapuram,5,Sengattuppatti,5,Manikandam,,
,,,,6,Thottiyam,6,Marungapuri,,
,,,,7,V.Periyapatti,7,Pulivalam,,
,,,,,,8,Thathaiyangarpettai,,
,,,,,,9,Thumbalam,,
,,,,,,10,Thuraiyur,,
,,,,,,11,Thuvarangurichi,,
,,,,,,12,Vaiyampatti,,
,,,,,,13,Valaieduppu,,
28,Tiruppur,1,Alangiyam,1,Cheyur,1,Avinashi(E),,
,,2,Dharapuram,2,Nathakadaiyur,2,Avinashi(W),,
,,3,Kurichikottai,3,Tiruppur (N),3,Avinashipalayam(S),,
,,4,Thungavi,4,Vellakoil,4,Gudimangalam,,
,,5,Udumalpet,,,5,Kangeyam,,
,,,,,,6,Kannivadi,,
,,,,,,7,Karadivavi,,
,,,,,,8,Kundadam,,
,,,,,,9,Kunnathur,,
,,,,,,10,Mulanur,,
,,,,,,11,Palladam,,
,,,,,,12,Periavalavadi,,
,,,,,,13,Perumanallur,,
,,,,,,14,Pethappampatti,,
,,,,,,15,Pongalur,,
,,,,,,16,Ponnapuram,,
,,,,,,17,Samalapuram,,
,,,,,,18,Sankarandampalayam,,
,,,,,,19,Tiruppur (S),,
,,,,,,20,Uthiyur,,
,,,,,,21,Uthukuli,,
29,Vellore,1,Andiyappanur,1,Agaram,1,Ambalur,,
,,2,Arakonam(South),2,Alangayam,2,Ambur,,
,,3,Banavaram,3,Kandhili,3,Ammanankoil,,
,,4,Koratti,4,Kaniyambadi,4,Anaicut,,
,,5,Mambakkam,5,Kaveripakkam,5,Arcot,,
,,6,Melpadi,6,Melasannankuppam,6,Gudiyatham (West),,
,,7,Natrampalli,7,Melpatti,7,Gudiyatham(East),,
,,8,Pallur,8,Odugathur,8,Jolarpet,,
,,9,Panapakkam,,,9,K.V.Kuppam,,
,,10,Paranji,,,10,Kalavai,,
,,11,Pernampattu,,,11,Katpadi,,
,,12,Ranipet,,,12,Madhanur,,
,,13,Sholinghur,,,13,Nemili,,
,,14,Thiruvalam,,,14,Pallikonda,,
,,15,Velam,,,15,Pennathur,,
,,16,Visharam,,,16,Pudupadi,,
,,17,Walajah,,,17,Sathuvachari,,
,,,,,,18,Thenvellore,,
,,,,,,19,Thuthipattu,,
,,,,,,20,Timiri,,
,,,,,,21,Tirupathur,,
,,,,,,22,Ussoor,,
,,,,,,23,Vadavellore,,
,,,,,,24,Vaduganthangal,,
,,,,,,25,Valathur,,
,,,,,,26,Vaniyambadi,,
30,Villupuram,1,Arakandanallur,1,Chinnaselam,1,Anniyur,,
,,2,Kallakurichi,2,Kanjanur,2,Arasur,,
,,3,Kalvarayan Malai,3,Vanur,3,Avalurpettai,,
,,4,Kanai,4,Villupuram,4,Brammadesam,,
,,5,Kandamangalam,,,5,Chithalingamadam,,
,,6,Mailam,,,6,Elavanasurkottai,,
,,7,Manalurpettai,,,7,Eraiyur,,
,,8,Mugaiyur,,,8,Gingee,,
,,9,Sengurichi,,,9,Indili,,
,,10,Thirukoilur,,,10,Kalamarudur,,
,,11,Vadakanandal,,,11,Kiliyanur,,
,,,,,,12,Marakanam,,
,,,,,,13,Melmalayanur,,
,,,,,,14,Melolakkur,,
,,,,,,15,Nagalur,,
,,,,,,16,Nainarpalayam,,
,,,,,,17,Nemili,,
,,,,,,18,Olakkur,,
,,,,,,19,Sathampati ,,
,,,,,,20,Sathiyamangalam,,
,,,,,,21,Sithalampattu,,
,,,,,,22,Siruvadi,,
,,,,,,23,T.V.Nallur,,
,,,,,,24,Thiyagadurgam,,
,,,,,,25,Tindivanam,,
,,,,,,26,Ulundurpettai,,
,,,,,,27,Uppuvelur,,
,,,,,,28,Vadasiruvalur,,
,,,,,,29,Vallam,,
,,,,,,30,Vikkiravandi,,
31,Virudhunagar,1,Amathur,1,Mallankinar,1,Cholapuram,,
,,2,Elayiram- Pannai,2,Mangalam,2,Ethirkottai,,
,,3,Iyankollankondan,3,Salwarpatti,3,Keelarajakularaman,,
,,4,Kottaiyur,4,Vatchakara-Patti,4,Nathampatti,,
,,5,Malli,,,5,Pillaiyarkulam,,
,,6,Nalli,,,,,,
,,7,Ondipulinaickanur,,,,,,
,,8,Rajapalayam,,,,,,
,,9,Sivakasi,,,,,,
,,10,Srivilliputtur,,,,,,
,,11,Watrap,,,,,,
ANDHRA PRADESH,,,,,,,,,
1,Adilabad,1,Bhainsa,1,Chennur,1,Nirmal,,
,,2,Dilawarpur,,,2,Laxmanchanda,,
,,3,Lokeshwaram,,,,,,
2,Khammam,,,,,1,Tirumalayapalem ,,
3,Karimnagar,1,Chandurthi   ,1,Bejjanki,1,Bheemadevarpalle  ,,
,,2,Elkathurthi   ,,,2,Chigurmamidi    ,,
,,3,Sircilla   ,,,3,Gangadhara   ,,
,,4,Ellanthakunta,,,4,Husnabad   ,,
,,5,Velgatoor   ,,,5,Kathlapur   ,,
,,6,Vemulawada,,,6,Kodimial   ,,
,,,,,,7,Konaraopeta,,
,,,,,,8,Mallial   ,,
,,,,,,9,Medipalle  ,,
,,,,,,10,Mustabad   ,,
,,,,,,11,Ramadugu   ,,
,,,,,,12,Shankarapatnam_Keshavapatnam  ,,
4,Mahaboob-Nagar,1,Amangal,1,Addakal,1,Midjil,,
,,2,Balanagar,2,Keshampeta,,,,
,,3,Bijinapalle,,,,,,
,,4,Bomraspeta,,,,,,
,,5,Dhanwada,,,,,,
,,6,Doulatabad,,,,,,
,,7,Jadcherla,,,,,,
,,8,Kalwakurthy,,,,,,
,,9,Koilkonda,,,,,,
,,10,Kondurg,,,,,,
,,11,Kothur,,,,,,
,,12,Maddur,,,,,,
,,13,Nawabpet,,,,,,
,,14,Shadnagar ,,,,,,
,,15,Tadoor,,,,,,
,,16,Talakondapalle,,,,,,
,,17,Thimmajipeta,,,,,,
,,18,Uppununthala,,,,,,
,,19,Wanaparthy,,,,,,
5,Medak,1,Chegunta,1,Mulugu ,1,Chinnakodur ,,
,,2,Doulthabad ,2,Narsapur,2,Dubbak ,,
,,3,Jagdevpur ,,,3,Hathnura ,,
,,4,Ramayampet ,,,4,Kondapak ,,
,,5,Rc Puram ,,,5,Mirdoddi ,,
,,6,Zaheerabad,,,6,Nanganur ,,
,,,,,,7,.Nyalkal ,,
,,,,,,8,Raikode ,,
,,,,,,9,Siddipet ,,
,,,,,,10,Thoguta ,,
,,,,,,11,Wargal ,,
,,,,,,12,Kowdipally,,
6,Nalgonda,1,Bhongir,1,Chityala,1,Chandur ,,
,,2,Bibinagar ,2,Atmakur (S),2,Gundala ,,
,,3,Chintha Palle ,,,3,Mothey ,,
,,4,Gurram Pode ,,,4,Munugode ,,
,,5,Kanagal,,,5,Nakrekal ,,
,,6,Nampalle ,,,,,,
,,7,Narayanapur,,,,,,
,,8,Nuthankal,,,,,,
,,9,Sali Gouraram,,,,,,
,,10,Thirumalgiri,,,,,,
,,11,Thungathurthi,,,,,,
7,Nizamabad,1,Biknoor,1,Sadashivanagar,1,Kamareddy,,
,,2,Domakonda,,,2,Velpoor,,
,,3,Machareddy,,,,,,
,,4,Morthad,,,,,,
8,Ranga Reddy,1,Ibrahimpatnam ,,,,,,
,,2,Kandukur ,,,,,,
,,3,Maheshwaram ,,,,,,
,,4,Manchal ,,,,,,
,,5,Medchal ,,,,,,
,,6,Shabad ,,,,,,
,,7,Shamshabad ,,,,,,
,,8,Shankarpally ,,,,,,
,Hyderabad,,,,,1,Hyderabad,,
9,Warangal,1,Cherial,1,Lingala Ghanpur,1,Bachannapet,,
,,2,Devaruppula,2,Rayaparthy,2,Chennaraopet,,
,,3,Dharmasagar,3,Narmetta,3,Duggondi,,
,,4,Nellikudur,,,4,Geesugonda,,
,,5,Parvatagiri,,,5,Jangaon,,
,,6,Stn Ghanpur,,,6,Kodakandla,,
,,7,Zaffergadh,,,7,Maddur,,
,,8,Atmakur,,,8,Raghunathpally,,
,,9,Dornakal,,,9,Thorrur,,
,,10,Hasanparthy,,,10,Wardhannapet,,
,,11,Mahabubabad,,,,,,
,,12,Maripeda,,,,,,
,,13,Mogullapally,,,,,,
,,14,Narsampet,,,,,,
,,15,Palakurthy,,,,,,
,,16,Sangem,,,,,,
,,17,Shayampet,,,,,,
UttarPradesh,,,,,,,,,
1,Agra,1,Jagner,,,1,Achhnera,,
,,2,Kheragarh,,,2,Akola,,
,,,,,,3,Barauli Ahir,,
,,,,,,4,Bichpuri,,
,,,,,,5,Etmadpur,,
,,,,,,6,Fatehabad,,
,,,,,,7,Fatehpur Sikari,,
,,,,,,8,Khandauli,,
,,,,,,9,Saiyan,,
,,,,,,10,Shamsabad,,
2,Aligarh,,,,,1,Chandaus,,
,,,,,,2,Iglas,,
3,Allahabad,,,1, Bahadurpur,1,Baheria,,
,,,,2,Holagarh,2,Chaka,,
,,,,3,Pratappur,3,Dhanupur,,
,,,,,,4,Mau-Aima,,
4,Ambedkar Nagar,1,Jahangirganj,,,,,,
5,Amethi,1,Bhadar,,,,,,
,,2,Sangrampur,,,,,,
6,JYOTIBAPHULE NAGAR,,,,,1,Amroha,,
,,,,,,2,Dhanaura,,
,,,,,,3,Gajraula,,
,,,,,,4,Hasanpur,,
,,,,,,5,Joya,,
7,Azamgarh,,,1,Palhani,1,Sathiaon,,
8,Baghpat,1,Baraut,1,Baghpat,1,Binauli,,
,,,,2,Chaprauli,2,Pilana,,
,,,,3,Khekra,,,,
9,Ballia,1,Rasara,,,,,,
10,Banda,,Tindwari,,,,,,
11,Bareilly,,Ram Nagar,,,,,,
12,Bijnor,,,1,Aaku (Nehtaur),1,Budhanpur (Seohara),,
,,,,,,2,Jaleelpur,,
,,,,,,3,Noorpur,,
13,BADAUN,1,Asafpur,1,Islamnagar,1,Ambiapur,,
,,2,Bisauli,2,Quadar Chowk,,,,
,,,,3,Sahaswan,,,,
,,,,4,Ujhani,,,,
14,BULANDSAHAR,1,Debai,1,B.B.Nagar,1,Bulandshahar,,
,,2,Jahangirabad,2,Danpur,2,Gulauthi,,
,,3,Siyana,3,Khurja,3,Sikandrabad,,
,,4,Unchagaon,4,Pahasu,,,,
,,,,5,Shikarpur,,,,
15,Chitrakoot,,,,,1,Karvi,,
16,Etah,1,Awagarh,1,Nidholi Kalan,1,Jalesar,,
17, Fatehpur,1,Hathgaon,1,Airayan,1,Bhitaura,,
,,,,2,Amauli,,,,
,,,,3,Bahua,,,,
,,,,4,Dhata,,,,
,,,,5,Haswa,,,,
,,,,6,Malawan,,,,
,,,,7,Teliyani,,,,
18, Firozabad,,,1,Aron,1,Firozabad,,
,,,,,,2,Khairgarh,,
,,,,,,3,Narkhi,,
,,,,,,4,Shikohabad,,
,,,,,,5,Tundla,,
19,GAUTAMBUDHNAGAR,1,Dadri,,,1,Bisrakh,,
,,2,Dankaur,,,2,Jewar,,
20, Ghaziabad,,,,,1,Bhojpur,,
,,,,,,2,Loni,,
,,,,,,3,Razapur,,
21,Ghazipur,1,Barachawar,1,Ghazipur,,,,
,,2,Deokali,2,Manihari,,,,
,,3,Sadat,3,Muhammadabad,,,,
22,Hamirpur,1,Sumerpur,,,,,,
23,Hapur,,,,,1,Garh,,
,,,,,,2,Hapur,,
,,,,,,3,Simbholi,,
24,MAHAMAYANAGAR,1,Sadabad,1,Hathras,1,Mursan,,
,,,,,,2,Sahpau,,
,,,,,,3,Sasni,,
25,Jaunpur,1,Barsathi,1,Buxa,1,Badlapur,,
,,2,Dharmapur,2,Dobhi,2,Karanja Kalan,,
,,3,Madiyahun,,,3,Kerakat,,
,,4,Ram Nagar,,,4,Maharajganj,,
,,5,Rampur,,,5,Muftiganj,,
,,,,,,6,Sikrara,,
,,,,,,7,Sirkoni,,
26,Kannauj,,,,,1,Jalalabad,,
,,,,,,2,Talgram,,
27,Kanpur Nagar,1,Ghatampur,,,1,Kalyanpur,,
,,2,Sarsaul,,,,,,
,,3,Shivrajpur,,,,,,
28,Kasganj,1,Ganj Dundwara,,,1,Kasganj ,,
,,2,Soron,,,2,Sahawar,,
29,Kaushambi,,,1,Kara,1,Chail,,
,,,,2,Manjhanpur,2,Moorat Ganj,,
,,,,3,Newada,3,Sirathu,,
30,LACKNOW,,,,,1,Chinhat,,
,,,,,,2,Sarojini Nagar,,
31,Mahoba,,,1,Charkhari,1,Jaitpur,,
,,,,2,Kabrai,2,Panwari,,
32,Mainpuri,,,,,1,Barnahal,,
33,Mathura,,,1,Farah,1,Baldeo,,
,,,,,,2,Nohjhil,,
,,,,,,3,Raya,,
34,Meerut,,,1,Machhara,1,Kharkhoda,,
,,,,2,Meerut,2,Rajpura,,
,,,,3,Parichhat Garh,,,,
35,Mirzapur,1,City,1,Chanbey,,,,
,,2,Sikhar,2,Kon,,,,
,,,,3,Majhawan,,,,
36,Moradabad,,,1,Bhagatpur Tanda,1,Bilari,,
,,,,2,Chhajlet,2,Dilari,,
37,Muzaffarnagar,,,1,Shahpur,1,Bhaghara,,
,,,,,,2,Budhana,,
,,,,,,3,Charthawal,,
38,Pratapgarh,,,1,Baba Bekhernath,1,Aspur-Deosara,,
,,,,,,2,Gaura,,
,,,,,,3,Lakshmanpur,,
,,,,,,4,Lalganj,,
,,,,,,5,Mandhata,,
,,,,,,6,Mangraura,,
,,,,,,7,Patti,,
,,,,,,8,Pratapgarh Sadar,,
,,,,,,9,Rampur-Sangramgarg,,
,,,,,,10,Sandwa -Chandrika,,
,,,,,,11,Shivgarh,,
39,Raibareli,,,1,Sareni,,,,
40,Rampur,,,,,1,Chamraua,,
,,,,,,2,Saidnagar,,
,,,,,,3,Shahabad,,
,,,,,,4,Swar,,
41,SHARANPUR,,,1,Muzafarabad,1,Baliakheri,,
,,,,2,Puwarka,2,Deoband,,
,,,,,,3,Gangoh,,
,,,,,,4,Nagal,,
,,,,,,5,Nakur,,
,,,,,,6,Nanauta,,
,,,,,,7,Rampur,,
,,,,,,8,Saduli  Qudim,,
,,,,,,9,Sarsawa,,
42,Sambhal,,,1,Asmoli,1,Bahjoi,,
,,,,2,Gunnaur,2,Baniakhera,,
,,,,3,Junawai,3,Pawansa,,
,,,,,,4,Sambhal,,
43,SANTRAVIDASNAGAR,1,Abholi,1,Bhadohi,,,,
,,2,Aurai,2,Gyanpur,,,,
,,3,Deegh,,,,,,
,,4,Suriyawan,,,,,,
44,Shamli,,,1,Shamli,1,Kairana,,
,,,,2,Thana Bhawan,2,Kandhala,,
,,,,,,3,Un,,
45,Sonbhadra,1,Ghorawal,,,,,,
46,Unnao,1,Sikandar Sirausi,,,,,,
47,Varanasi,1,Baragaon,,Pindra,1,Arajiline,,
,,2,Chiraigaon,,,2,Harhuwa,,
,,3,Cholapur,,,,,,
 Uttarakhand,,,,,,,,,
1,Udham Singh Nagar,1,Khatima,1,Kashipur,,,,
 West Bengal,,,,,,,,,
1,Malda,1,Habibpur,,,,,,
2,Murshidabad,1,Barwan,,,,,,
,,2,Bhagabangola-I,,,,,,
,,3,Bhagabangola-Ii,,,,,,
,,4,Bharatpur-I ,,,,,,
,,5,Bharatpur-Ii ,,,,,,
,,6,Domkal,,,,,,
,,7,Jalangi,,,,,,
,,8,Kandi,,,,,,
,,9,Khargram,,,,,,
,,10,Lalgola,,,,,,
,,11,Mur-Jiaganj,,,,,,
,,12,Nabagram,,,,,,
,,13,Nowda,,,,,,
,,14,Raninagar-I ,,,,,,
,,15,Raninagar-Ii,,,,,,
,,16,Sagardighi,,,,,,
,,17,Suti-Ii ,,,,,,
3,Nadia,1,Chapra,,,,,,
,,2,Hanskhali,,,,,,
,,3,Kaligunj,,,,,,
,,4,Karimpur-I,,,,,,
,,5,Karimpur-Ii,,,,,,
,,6,Krishnaganj,,,,,,
,,7,Krishnagar-I,,,,,,
,,8,Nakashipara,,,,,,
,,9,Ranaghat-Ii,,,,,,
,,10,Tehatta-I,,,,,,
,,11,Tehatta-Ii,,,,,,
4,North 24-Parganas,1,Barrackpore-Ii ,,,,,,
5,Hooghly,1,Arambag,,Goghat-II,,,,
,,2,Chanditala-I ,,,,,,
,,3,Chanditala-Ii ,,,,,,
,,4,Dhaniakhali,,,,,,
,,5,Goghat-I,,,,,,
,,6,Jangipara,,,,,,
,,7,Khanakul-I,,,,,,
,,8,Pandua,,,,,,
,,9,Polba-Dadpur,,,,,,
,,10,Purshura,,,,,,
,,11,Singur,,,,,,
,,12,Tarakeswar,,,,,,
6,Burdwan,1,Bhatar,,,,,,
,,2,Kalna-Ii ,,,,,,
,,3,Katwa-I ,,,,,,
,,4,Katwa-Ii ,,,,,,
,,5,Ketugram-I ,,,,,,
,,6,Ketugram-Ii ,,,,,,
,,7,Memari-Ii ,,,,,,
,,8,Mongalkote,,,,,,
,,9,Monteswar,,,,,,
,,10,Raina-I ,,,,,,
,,11,Raina-I I,,,,,,
7,Birbhum,1,Labhpur,,,,,,
,,2,Murarai-Ii ,,,,,,
,,3,Nalhati-Ii ,,,,,,
,,4,Nanoor,,,,,,
,,5,Rampurhat-Ii ,,,,,,
,,6,Sainthia,,,,,,
8,Bankura,1,Bishnupur,,,,,,
9,Purba Medinipore,1,Bhagawanpur-I ,,,,,,
,,2,Bhagawanpur-Ii ,,,,,,
,,3,Egra-I,,,,,,
,,4,Egra-Ii,,,,,,
,,5,Kolaghat (Panskura-Ii),,,,,,
,,6,Moyna,,,,,,
,,7,Panskura-I ,,,,,,
,,8,Potashpur-I,,,,,,
,,9,Potashpur-Ii,,,,,,
10,Paschim Medinipore,1,Chandrakona-Ii ,,,,,,
,,2,Dantan-Ii,,,,,,
,,3,Daspur-Ii,,,,,,
,,4,Debra,,,,,,
,,5,Ghatal,,,,,,
,,6,Pingla,,,,,,
,,7,Sabang,,,,,,
Daman & Diu,,,,,,,,,
1,DIU,0,,1,Diu,,,,
 Lakshadweep,,,,,,,,,
1,Agatti,1,Agatti,,,,,,
,Amini,2,Amini,,,,,,
,Kavaratti,3,Kavaratti,,,,,,
Pondicherry,,,,,,,,,
1,PUDUCHERY,,,,,1,PUDUCHERRY TALUK,1,Yanam
