Country Code,Country,State Code,State,District,Net Groundwater Availability,Projected demand for Domestic and Industrial uses upto 2025,Net Ground Water Availability for Future Irrigation use
1,INDIA,2,ANDHRA PRADESH,GUNTUR,,,
1,INDIA,2,ANDHRA PRADESH,VIZIANAGARAM,,,
1,INDIA,2,ANDHRA PRADESH,VISHAKHAPATNAM,,,
1,INDIA,2,ANDHRA PRADESH,EAST GODAVARI,,,
1,INDIA,2,ANDHRA PRADESH,SRIKAKULAM,,,
1,INDIA,2,ANDHRA PRADESH,NELLORE,,,
1,INDIA,2,ANDHRA PRADESH,KURNOOL,,,
1,INDIA,2,ANDHRA PRADESH,PRAKASAM,,,
1,INDIA,2,ANDHRA PRADESH,KHAMMAM,,,
1,INDIA,2,ANDHRA PRADESH,ADILABAD,,,
1,INDIA,2,ANDHRA PRADESH,KRISHNA,,,
1,INDIA,2,ANDHRA PRADESH,WEST GODAVARI,,,
1,INDIA,2,ANDHRA PRADESH,MAHABUBNAGAR,,,
1,INDIA,2,ANDHRA PRADESH,CUDDAPAH,,,
1,INDIA,2,ANDHRA PRADESH,NALGONDA,,,
1,INDIA,2,ANDHRA PRADESH,WARANGAL,,,
1,INDIA,2,ANDHRA PRADESH,KARIMNAGAR,,,
1,INDIA,2,ANDHRA PRADESH,NIZAMABAD,,,
1,INDIA,2,ANDHRA PRADESH,RANGA REDDY,,,
1,INDIA,2,ANDHRA PRADESH,CHITTOOR,,,
1,INDIA,2,ANDHRA PRADESH,ANANTHAPUR,,,
1,INDIA,2,ANDHRA PRADESH,MEDAK,,,
1,INDIA,3,ARUNACHAL PRADESH,TIRAP,,,
1,INDIA,3,ARUNACHAL PRADESH,CHANGLANG,,,
1,INDIA,3,ARUNACHAL PRADESH,LOHIT,,,
1,INDIA,3,ARUNACHAL PRADESH,ANJAW,,,
1,INDIA,3,ARUNACHAL PRADESH,DIBANG VALLEY,,,
1,INDIA,3,ARUNACHAL PRADESH,LOWER DIBANG VALLEY,,,
1,INDIA,3,ARUNACHAL PRADESH,EAST SIANG,,,
1,INDIA,3,ARUNACHAL PRADESH,WEST SIANG,,,
1,INDIA,3,ARUNACHAL PRADESH,UPPER SIANG,,,
1,INDIA,3,ARUNACHAL PRADESH,EAST KAMENG,,,
1,INDIA,3,ARUNACHAL PRADESH,WEST KAMENG,,,
1,INDIA,3,ARUNACHAL PRADESH,LOWER SUBANSIRI,,,
1,INDIA,3,ARUNACHAL PRADESH,UPPER SUBANSIRI,,,
1,INDIA,3,ARUNACHAL PRADESH,PAPUM-PARE,,,
1,INDIA,3,ARUNACHAL PRADESH,TAWANG,,,
1,INDIA,3,ARUNACHAL PRADESH,KURUNG KUMEY,,,
1,INDIA,4,ASSAM,BARPETA,,,
1,INDIA,4,ASSAM,BONGAIGAON,,,
1,INDIA,4,ASSAM,CACHAR,,,
1,INDIA,4,ASSAM,DARRANG,,,
1,INDIA,4,ASSAM,DIBRUGARH,,,
1,INDIA,4,ASSAM,DHEMAJI,,,
1,INDIA,4,ASSAM,DHUBRI,,,
1,INDIA,4,ASSAM,GOLAGHAT,,,
1,INDIA,4,ASSAM,GOALPARA,,,
1,INDIA,4,ASSAM,HAILAKANDI,,,
1,INDIA,4,ASSAM,JORHAT,,,
1,INDIA,4,ASSAM,KAMRUP,,,
1,INDIA,4,ASSAM,KARBI ANALOG,,,
1,INDIA,4,ASSAM,KOKRAJHAR,,,
1,INDIA,4,ASSAM,KARIMGANJ,,,
1,INDIA,4,ASSAM,LAKHIMPUR,,,
1,INDIA,4,ASSAM,MORIGAON,,,
1,INDIA,4,ASSAM,NAGAON,,,
1,INDIA,4,ASSAM,N.C HILLS,,,
1,INDIA,4,ASSAM,NALBARI,,,
1,INDIA,4,ASSAM,SIBSAGAR,,,
1,INDIA,4,ASSAM,SONITPUR,,,
1,INDIA,4,ASSAM,TINSUKIA,,,
1,INDIA,4,ASSAM,BAKSA,,,
1,INDIA,4,ASSAM,KAMRUP,,,
1,INDIA,4,ASSAM,UDALGURI,,,
1,INDIA,4,ASSAM,CHIRANG,,,
1,INDIA,5,BIHAR,ARARIYA,,,
1,INDIA,5,BIHAR,ARWAL,,,
1,INDIA,5,BIHAR,AURANGABAD,,,
1,INDIA,5,BIHAR,BANKA,,,
1,INDIA,5,BIHAR,BEGUSARAI,,,
1,INDIA,5,BIHAR,BHABUA,,,
1,INDIA,5,BIHAR,BHAGALPUR,,,
1,INDIA,5,BIHAR,BHOJPUR,,,
1,INDIA,5,BIHAR,BUXAR,,,
1,INDIA,5,BIHAR,DRABHANGA,,,
1,INDIA,5,BIHAR,PURBA CHAMPARAN,,,
1,INDIA,5,BIHAR,GAYA,,,
1,INDIA,5,BIHAR,GOPALGANJ,,,
1,INDIA,5,BIHAR,JAMUI,,,
1,INDIA,5,BIHAR,JAHANABAD,,,
1,INDIA,5,BIHAR,KATIHAR,,,
1,INDIA,5,BIHAR,KHAGARIA,,,
1,INDIA,5,BIHAR,KISHANGANJ,,,
1,INDIA,5,BIHAR,LAKHISARAI,,,
1,INDIA,5,BIHAR,MADHEPURA,,,
1,INDIA,5,BIHAR,MADUBANI,,,
1,INDIA,5,BIHAR,MUNGER,,,
1,INDIA,5,BIHAR,MUZAFFARPUR,,,
1,INDIA,5,BIHAR,NALANDA,,,
1,INDIA,5,BIHAR,NAWADA,,,
1,INDIA,5,BIHAR,PATNA,,,
1,INDIA,5,BIHAR,PURNIA,,,
1,INDIA,5,BIHAR,ROHTAS,,,
1,INDIA,5,BIHAR,SAHARSA,,,
1,INDIA,5,BIHAR,SAMASTIPUR,,,
1,INDIA,5,BIHAR,SARAN,,,
1,INDIA,5,BIHAR,SHEIKHPURA,,,
1,INDIA,5,BIHAR,SHEOHAR,,,
1,INDIA,5,BIHAR,SITAMARHI,,,
1,INDIA,5,BIHAR,SIWAN,,,
1,INDIA,5,BIHAR,SUPAUL,,,
1,INDIA,5,BIHAR,VAISHALI,,,
1,INDIA,5,BIHAR,PASHCHIM CHAMPARAN,,,
1,INDIA,7,CHHATTISGARH,BASTAR,,,
1,INDIA,7,CHHATTISGARH,BIJAPUR,,,
1,INDIA,7,CHHATTISGARH,BILASPUR,,,
1,INDIA,7,CHHATTISGARH,DANTEWARA,,,
1,INDIA,7,CHHATTISGARH,DHAMTARI,,,
1,INDIA,7,CHHATTISGARH,DURG,,,
1,INDIA,7,CHHATTISGARH,JANJGIR-CHAMPA,,,
1,INDIA,7,CHHATTISGARH,JASHPUR,,,
1,INDIA,7,CHHATTISGARH,KANKER,,,
1,INDIA,7,CHHATTISGARH,KAWARDHA,,,
1,INDIA,7,CHHATTISGARH,KORBA,,,
1,INDIA,7,CHHATTISGARH,KOREA,,,
1,INDIA,7,CHHATTISGARH,MAHASAMUND,,,
1,INDIA,7,CHHATTISGARH,NARAYANPUR,,,
1,INDIA,7,CHHATTISGARH,RAIGARH,,,
1,INDIA,7,CHHATTISGARH,RAIPUR,,,
1,INDIA,7,CHHATTISGARH,RAJNANDGAON,,,
1,INDIA,7,CHHATTISGARH,SURGUJA,,,
1,INDIA,10,DELHI,CENTRAL DELHI,,,
1,INDIA,10,DELHI,EAST DELHI,,,
1,INDIA,10,DELHI,NEW DELHI,,,
1,INDIA,10,DELHI,NORTH DELHI,,,
1,INDIA,10,DELHI,NORTH EAST DELHI,,,
1,INDIA,10,DELHI,NORTH WEST DELHI,,,
1,INDIA,10,DELHI,SOUTH DELHI,,,
1,INDIA,10,DELHI,SOUTH WEST DELHI,,,
1,INDIA,10,DELHI,WEST DELHI,,,
1,INDIA,11,GOA,NORTH GOA,,,
1,INDIA,11,GOA,SOUTH GOA,,,
1,INDIA,12,GUJARAT,AHMEDABAD,,,
1,INDIA,12,GUJARAT,AMRELI,,,
1,INDIA,12,GUJARAT,ANAND,,,
1,INDIA,12,GUJARAT,BANASKANTHA,,,
1,INDIA,12,GUJARAT,BHARUCH,,,
1,INDIA,12,GUJARAT,BHAVNAGAR,,,
1,INDIA,12,GUJARAT,DANGS,,,
1,INDIA,12,GUJARAT,DAHOD,,,
1,INDIA,12,GUJARAT,GANDHINAGAR,,,
1,INDIA,12,GUJARAT,JAMNAGAR,,,
1,INDIA,12,GUJARAT,JUNAGARH,,,
1,INDIA,12,GUJARAT,KACHCHH,,,
1,INDIA,12,GUJARAT,KHERA,,,
1,INDIA,12,GUJARAT,MAHESANA,,,
1,INDIA,12,GUJARAT,NARMADA,,,
1,INDIA,12,GUJARAT,NAVSARI,,,
1,INDIA,12,GUJARAT,PANCHMAHAL,,,
1,INDIA,12,GUJARAT,PATAN,,,
1,INDIA,12,GUJARAT,PORBANDAR,,,
1,INDIA,12,GUJARAT,RAJKOT,,,
1,INDIA,12,GUJARAT,SABAR KANTHA,,,
1,INDIA,12,GUJARAT,SURAT,,,
1,INDIA,12,GUJARAT,SURENDRANAGAR,,,
1,INDIA,12,GUJARAT,TAPI,,,
1,INDIA,12,GUJARAT,VADODARA,,,
1,INDIA,12,GUJARAT,VALSAD,,,
1,INDIA,13,HARYANA,AMBALA,,,
1,INDIA,13,HARYANA,PANCHKULA,,,
1,INDIA,13,HARYANA,FATEHABAD,,,
1,INDIA,13,HARYANA,BHIWANI,,,
1,INDIA,13,HARYANA,HISAR,,,
1,INDIA,13,HARYANA,GURGAON,,,
1,INDIA,13,HARYANA,MEWAT,,,
1,INDIA,13,HARYANA,FARIDABAD,,,
1,INDIA,13,HARYANA,PALWAL,,,
1,INDIA,13,HARYANA,JHAJJAR,,,
1,INDIA,13,HARYANA,JIND,,,
1,INDIA,13,HARYANA,KAITHAL,,,
1,INDIA,13,HARYANA,KARNAL,,,
1,INDIA,13,HARYANA,KURUKSHETRA,,,
1,INDIA,13,HARYANA,MAHENDRAGARH,,,
1,INDIA,13,HARYANA,PANIPAT,,,
1,INDIA,13,HARYANA,REWARI,,,
1,INDIA,13,HARYANA,ROHTAK,,,
1,INDIA,13,HARYANA,SIRSA,,,
1,INDIA,13,HARYANA,SONIPAT,,,
1,INDIA,13,HARYANA,YAMUNANAGAR,,,
1,INDIA,14,HIMACHAL PRADESH,INDAURA VALLEY,,,
1,INDIA,14,HIMACHAL PRADESH,NURPUR VALLEY,,,
1,INDIA,14,HIMACHAL PRADESH,BALH VALLEY,,,
1,INDIA,14,HIMACHAL PRADESH,PAONTA VALLEY,,,
1,INDIA,14,HIMACHAL PRADESH,KALA AMB VALLEY,,,
1,INDIA,14,HIMACHAL PRADESH,NALAGARH VALLEY,,,
1,INDIA,14,HIMACHAL PRADESH,UNA,,,
1,INDIA,14,HIMACHAL PRADESH,HUM VALLEY,,,
1,INDIA,15,JAMMU AND KASHMIR,JAMMU,,,
1,INDIA,15,JAMMU AND KASHMIR,KATHUA,,,
1,INDIA,15,JAMMU AND KASHMIR,SRINAGAR,,,
1,INDIA,15,JAMMU AND KASHMIR,ANANTNAG,,,
1,INDIA,15,JAMMU AND KASHMIR,BARAMULA,,,
1,INDIA,15,JAMMU AND KASHMIR,BADGAM,,,
1,INDIA,15,JAMMU AND KASHMIR,PULWAMA,,,
1,INDIA,15,JAMMU AND KASHMIR,KUPWARA,,,
1,INDIA,15,JAMMU AND KASHMIR,UDHAMPUR,,,
1,INDIA,15,JAMMU AND KASHMIR,RAJAURI,,,
1,INDIA,15,JAMMU AND KASHMIR,PUNCH,,,
1,INDIA,15,JAMMU AND KASHMIR,DODA,,,
1,INDIA,15,JAMMU AND KASHMIR,KARGIL,,,
1,INDIA,15,JAMMU AND KASHMIR,LEH AND LADAKH,,,
1,INDIA,16,JHARKHAND,BOKARO,,,
1,INDIA,16,JHARKHAND,CHATRA,,,
1,INDIA,16,JHARKHAND,DEVGARH,,,
1,INDIA,16,JHARKHAND,DHANBAD,,,
1,INDIA,16,JHARKHAND,DUMKA,,,
1,INDIA,16,JHARKHAND,PURBI SINGHBHUM,,,
1,INDIA,16,JHARKHAND,GARHWA,,,
1,INDIA,16,JHARKHAND,GIRIDIH,,,
1,INDIA,16,JHARKHAND,GOODA,,,
1,INDIA,16,JHARKHAND,GUMLA,,,
1,INDIA,16,JHARKHAND,HAZARIBAGH,,,
1,INDIA,16,JHARKHAND,JAMTARA,,,
1,INDIA,16,JHARKHAND,KHUNTI,,,
1,INDIA,16,JHARKHAND,KODARMA,,,
1,INDIA,16,JHARKHAND,LATEHAR,,,
1,INDIA,16,JHARKHAND,LOHARDAGA,,,
1,INDIA,16,JHARKHAND,PAKUR,,,
1,INDIA,16,JHARKHAND,PALAMU,,,
1,INDIA,16,JHARKHAND,RAMGARH,,,
1,INDIA,16,JHARKHAND,RANCHI,,,
1,INDIA,16,JHARKHAND,SAHEBGANJ,,,
1,INDIA,16,JHARKHAND,SARAIKELA,,,
1,INDIA,16,JHARKHAND,SIMDEGA,,,
1,INDIA,16,JHARKHAND,PASCHIM SINGHBHUMI,,,
1,INDIA,17,KARNATAKA,BAGALKOT,,,
1,INDIA,17,KARNATAKA,BANGALORE RURAL,,,
1,INDIA,17,KARNATAKA,BANGLORE URBAN,,,
1,INDIA,17,KARNATAKA,BELGAUM,,,
1,INDIA,17,KARNATAKA,BELLARY,,,
1,INDIA,17,KARNATAKA,BIDAR,,,
1,INDIA,17,KARNATAKA,BIJAPUR,,,
1,INDIA,17,KARNATAKA,CHAMARAJANAGAR,,,
1,INDIA,17,KARNATAKA,CHIKBALLAPUR,,,
1,INDIA,17,KARNATAKA,CHIKMAGALUR,,,
1,INDIA,17,KARNATAKA,CHITRADURGA,,,
1,INDIA,17,KARNATAKA,DAKSHIN KANNADA,,,
1,INDIA,17,KARNATAKA,DAVANGERE,,,
1,INDIA,17,KARNATAKA,DHARWAD,,,
1,INDIA,17,KARNATAKA,GADAG,,,
1,INDIA,17,KARNATAKA,GULBARGA,,,
1,INDIA,17,KARNATAKA,HASSAN,,,
1,INDIA,17,KARNATAKA,HAVERI,,,
1,INDIA,17,KARNATAKA,KODAGU,,,
1,INDIA,17,KARNATAKA,KOLAR,,,
1,INDIA,17,KARNATAKA,KOPPAL,,,
1,INDIA,17,KARNATAKA,MANDHYA,,,
1,INDIA,17,KARNATAKA,MYSORE,,,
1,INDIA,17,KARNATAKA,RAICHUR,,,
1,INDIA,17,KARNATAKA,RAMNAGAR,,,
1,INDIA,17,KARNATAKA,SHIMOGA,,,
1,INDIA,17,KARNATAKA,TUMKUR,,,
1,INDIA,17,KARNATAKA,UDUPI,,,
1,INDIA,17,KARNATAKA,UTTAR KANNADA,,,
1,INDIA,17,KARNATAKA,YADGIR,,,
1,INDIA,18,KERALA,ALAPPUZHA,,,
1,INDIA,18,KERALA,ERNAKULAM,,,
1,INDIA,18,KERALA,IDUKKI,,,
1,INDIA,18,KERALA,KANNUR,,,
1,INDIA,18,KERALA,KASARGOD,,,
1,INDIA,18,KERALA,KOLLAM,,,
1,INDIA,18,KERALA,KOTTYAM,,,
1,INDIA,18,KERALA,KOZIKOD,,,
1,INDIA,18,KERALA,MALAPPURAM,,,
1,INDIA,18,KERALA,PALAKKAD,,,
1,INDIA,18,KERALA,PATTANAMITTIA,,,
1,INDIA,18,KERALA,THIRUVANANTHPURAM,,,
1,INDIA,18,KERALA,TRISHUR,,,
1,INDIA,18,KERALA,WAYANAD,,,
1,INDIA,20,MADHYA PRADESH,ALIRAJPUR,,,
1,INDIA,20,MADHYA PRADESH,ANUPPUR,,,
1,INDIA,20,MADHYA PRADESH,ASHOKNAGAR,,,
1,INDIA,20,MADHYA PRADESH,BALAGHAT,,,
1,INDIA,20,MADHYA PRADESH,BARWANI,,,
1,INDIA,20,MADHYA PRADESH,BETUL,,,
1,INDIA,20,MADHYA PRADESH,BHIND,,,
1,INDIA,20,MADHYA PRADESH,BHOPAL,,,
1,INDIA,20,MADHYA PRADESH,BURHANPUR,,,
1,INDIA,20,MADHYA PRADESH,CHHATARPUR,,,
1,INDIA,20,MADHYA PRADESH,CHHINDWARA,,,
1,INDIA,20,MADHYA PRADESH,DAMOH,,,
1,INDIA,20,MADHYA PRADESH,DATIA,,,
1,INDIA,20,MADHYA PRADESH,DEWAS,,,
1,INDIA,20,MADHYA PRADESH,DHAR,,,
1,INDIA,20,MADHYA PRADESH,DINDORI,,,
1,INDIA,20,MADHYA PRADESH,GUNA,,,
1,INDIA,20,MADHYA PRADESH,GWALIOR,,,
1,INDIA,20,MADHYA PRADESH,HARDA,,,
1,INDIA,20,MADHYA PRADESH,HOSHANGABAD,,,
1,INDIA,20,MADHYA PRADESH,INDORE,,,
1,INDIA,20,MADHYA PRADESH,JABALPUR,,,
1,INDIA,20,MADHYA PRADESH,JHABUA,,,
1,INDIA,20,MADHYA PRADESH,KATNI,,,
1,INDIA,20,MADHYA PRADESH,KHANDWA,,,
1,INDIA,20,MADHYA PRADESH,KHARGONE,,,
1,INDIA,20,MADHYA PRADESH,MANDLA,,,
1,INDIA,20,MADHYA PRADESH,MANDSAUR,,,
1,INDIA,20,MADHYA PRADESH,MORENA,,,
1,INDIA,20,MADHYA PRADESH,NARSHIMAPURA,,,
1,INDIA,20,MADHYA PRADESH,NIMACH,,,
1,INDIA,20,MADHYA PRADESH,PANNA,,,
1,INDIA,20,MADHYA PRADESH,RAISEN,,,
1,INDIA,20,MADHYA PRADESH,RAJGARH,,,
1,INDIA,20,MADHYA PRADESH,RATLAM,,,
1,INDIA,20,MADHYA PRADESH,REWA,,,
1,INDIA,20,MADHYA PRADESH,SAGAR,,,
1,INDIA,20,MADHYA PRADESH,SATNA,,,
1,INDIA,20,MADHYA PRADESH,SEHORE,,,
1,INDIA,20,MADHYA PRADESH,SEONI,,,
1,INDIA,20,MADHYA PRADESH,SHAHDOL,,,
1,INDIA,20,MADHYA PRADESH,SHAJAPUR,,,
1,INDIA,20,MADHYA PRADESH,SHEOPUR,,,
1,INDIA,20,MADHYA PRADESH,SHIVPURI,,,
1,INDIA,20,MADHYA PRADESH,SIDHI,,,
1,INDIA,20,MADHYA PRADESH,SINGRAULI,,,
1,INDIA,20,MADHYA PRADESH,TIKAMGARH,,,
1,INDIA,20,MADHYA PRADESH,UJJAIN,,,
1,INDIA,20,MADHYA PRADESH,UMARIA,,,
1,INDIA,20,MADHYA PRADESH,VIDESHA,,,
1,INDIA,21,MAHARASHTRA,AHMADNAGAR,,,
1,INDIA,21,MAHARASHTRA,AKOLA,,,
1,INDIA,21,MAHARASHTRA,AMARAVATI,,,
1,INDIA,21,MAHARASHTRA,AURANGABAD,,,
1,INDIA,21,MAHARASHTRA,BID,,,
1,INDIA,21,MAHARASHTRA,BHANDARA,,,
1,INDIA,21,MAHARASHTRA,BULDHANA,,,
1,INDIA,21,MAHARASHTRA,CHANDRAPUR,,,
1,INDIA,21,MAHARASHTRA,DHULE,,,
1,INDIA,21,MAHARASHTRA,GADCHIROLI,,,
1,INDIA,21,MAHARASHTRA,GONDIYA,,,
1,INDIA,21,MAHARASHTRA,HINGOLI,,,
1,INDIA,21,MAHARASHTRA,JALGAON,,,
1,INDIA,21,MAHARASHTRA,JALNA,,,
1,INDIA,21,MAHARASHTRA,KOLHAPUR,,,
1,INDIA,21,MAHARASHTRA,LATUR,,,
1,INDIA,21,MAHARASHTRA,NAGPUR,,,
1,INDIA,21,MAHARASHTRA,NANDED,,,
1,INDIA,21,MAHARASHTRA,NANDURBAR,,,
1,INDIA,21,MAHARASHTRA,NASIK,,,
1,INDIA,21,MAHARASHTRA,OSMANABAD,,,
1,INDIA,21,MAHARASHTRA,PARBHANI,,,
1,INDIA,21,MAHARASHTRA,PUNE,,,
1,INDIA,21,MAHARASHTRA,RAIGARH,,,
1,INDIA,21,MAHARASHTRA,RATNAGIRI,,,
1,INDIA,21,MAHARASHTRA,SANGLI,,,
1,INDIA,21,MAHARASHTRA,SATARA,,,
1,INDIA,21,MAHARASHTRA,SINDHUDURG,,,
1,INDIA,21,MAHARASHTRA,SOLAPUR,,,
1,INDIA,21,MAHARASHTRA,THANE,,,
1,INDIA,21,MAHARASHTRA,WARDHA,,,
1,INDIA,21,MAHARASHTRA,WASHIM,,,
1,INDIA,21,MAHARASHTRA,YAVATMAL,,,
1,INDIA,22,MANIPUR,IMPHAL WEST,,,
1,INDIA,22,MANIPUR,IMPHAL EAST,,,
1,INDIA,22,MANIPUR,THOUBAL,,,
1,INDIA,22,MANIPUR,KAKCHING BLOCK,,,
1,INDIA,22,MANIPUR,BISHNUPUR,,,
1,INDIA,22,MANIPUR,CHURACHANDPUR,,,
1,INDIA,23,MEGHALAYA,EAST KHASI HILLS,,,
1,INDIA,23,MEGHALAYA,WEST GARO HILLS,,,
1,INDIA,23,MEGHALAYA,EAST GARO HILLS,,,
1,INDIA,23,MEGHALAYA,JAINTIA HILLS,,,
1,INDIA,23,MEGHALAYA,WEST KHASI HILLS,,,
1,INDIA,23,MEGHALAYA,RI BHOI,,,
1,INDIA,23,MEGHALAYA,SOUTH GARO HILLS,,,
1,INDIA,24,MIZORAM,AIZAWL,,,
1,INDIA,24,MIZORAM,CHAMPHAI,,,
1,INDIA,24,MIZORAM,KOLASIB,,,
1,INDIA,24,MIZORAM,LAWNGTLAI,,,
1,INDIA,24,MIZORAM,LUNGLEI,,,
1,INDIA,24,MIZORAM,MAMIT,,,
1,INDIA,24,MIZORAM,SAIHA,,,
1,INDIA,24,MIZORAM,SERCHHIP,,,
1,INDIA,25,NAGALAND,KOHIMA,,,
1,INDIA,25,NAGALAND,DIMAPUR,,,
1,INDIA,25,NAGALAND,PHEK,,,
1,INDIA,25,NAGALAND,MOKOKCHUNG,,,
1,INDIA,25,NAGALAND,ZUNHEBOTO,,,
1,INDIA,25,NAGALAND,WOKHA,,,
1,INDIA,25,NAGALAND,TUENSANG,,,
1,INDIA,25,NAGALAND,MON,,,
1,INDIA,26,ORISSA,ANUGUL,,,
1,INDIA,26,ORISSA,BALESHWAR,,,
1,INDIA,26,ORISSA,BARAGARH,,,
1,INDIA,26,ORISSA,BHADRAK,,,
1,INDIA,26,ORISSA,BALANGIR,,,
1,INDIA,26,ORISSA,BAUDA,,,
1,INDIA,26,ORISSA,CUTTACK,,,
1,INDIA,26,ORISSA,DEOGARH,,,
1,INDIA,26,ORISSA,DHENKANAL,,,
1,INDIA,26,ORISSA,GAJAPATHI,,,
1,INDIA,26,ORISSA,GANJAM,,,
1,INDIA,26,ORISSA,JAGATSINGHAPUR,,,
1,INDIA,26,ORISSA,JAJAPUR,,,
1,INDIA,26,ORISSA,JHARSUGUDA,,,
1,INDIA,26,ORISSA,KALAHANDI,,,
1,INDIA,26,ORISSA,KANDHAMAL,,,
1,INDIA,26,ORISSA,KENDRAPARHA,,,
1,INDIA,26,ORISSA,KENDUJHAR,,,
1,INDIA,26,ORISSA,KHORDHA,,,
1,INDIA,26,ORISSA,KORAPUT,,,
1,INDIA,26,ORISSA,MALKANGIRI,,,
1,INDIA,26,ORISSA,MAYURBHANJ,,,
1,INDIA,26,ORISSA,NABARANGAPUR,,,
1,INDIA,26,ORISSA,NAYAGARH,,,
1,INDIA,26,ORISSA,NUAPARHA,,,
1,INDIA,26,ORISSA,PURI,,,
1,INDIA,26,ORISSA,RAYAGARHA,,,
1,INDIA,26,ORISSA,SAMBALPUR,,,
1,INDIA,26,ORISSA,SUBARNAPUR,,,
1,INDIA,26,ORISSA,SUNDARGARH,,,
1,INDIA,28,PUNJAB,AMRITSAR,,,
1,INDIA,28,PUNJAB,BARNALA,,,
1,INDIA,28,PUNJAB,BATHINDA,,,
1,INDIA,28,PUNJAB,FARIDKOT,,,
1,INDIA,28,PUNJAB,FATEHGARH SAHIB,,,
1,INDIA,28,PUNJAB,FIROZPUR,,,
1,INDIA,28,PUNJAB,GURDASPUR,,,
1,INDIA,28,PUNJAB,HOSHIARPUR,,,
1,INDIA,28,PUNJAB,JALANDHAR,,,
1,INDIA,28,PUNJAB,KAPURTHALA,,,
1,INDIA,28,PUNJAB,LUDHIANA,,,
1,INDIA,28,PUNJAB,MANSA,,,
1,INDIA,28,PUNJAB,MOGA,,,
1,INDIA,28,PUNJAB,MUKTSAR,,,
1,INDIA,28,PUNJAB,NAWASHAHR,,,
1,INDIA,28,PUNJAB,PATIALA,,,
1,INDIA,28,PUNJAB,ROPAR,,,
1,INDIA,28,PUNJAB,SAS NAGAR,,,
1,INDIA,28,PUNJAB,SANGRUR,,,
1,INDIA,28,PUNJAB,TARN TARAN,,,
1,INDIA,29,RAJASTHAN,AJMER,,,
1,INDIA,29,RAJASTHAN,ALWAR,,,
1,INDIA,29,RAJASTHAN,BANSWARA,,,
1,INDIA,29,RAJASTHAN,BARAN,,,
1,INDIA,29,RAJASTHAN,BARMER,,,
1,INDIA,29,RAJASTHAN,BHARATPUR,,,
1,INDIA,29,RAJASTHAN,BHILWARA,,,
1,INDIA,29,RAJASTHAN,BIKANER,,,
1,INDIA,29,RAJASTHAN,BUNDI,,,
1,INDIA,29,RAJASTHAN,CHITTAURGARH,,,
1,INDIA,29,RAJASTHAN,CHURU,,,
1,INDIA,29,RAJASTHAN,DAUSA,,,
1,INDIA,29,RAJASTHAN,DHOLPUR,,,
1,INDIA,29,RAJASTHAN,DUNGARPUR,,,
1,INDIA,29,RAJASTHAN,GANGANAGAR,,,
1,INDIA,29,RAJASTHAN,HANUMANGARH,,,
1,INDIA,29,RAJASTHAN,JAIPUR,,,
1,INDIA,29,RAJASTHAN,JAISELMER,,,
1,INDIA,29,RAJASTHAN,JALOR,,,
1,INDIA,29,RAJASTHAN,JHALAWAR,,,
1,INDIA,29,RAJASTHAN,JHUNJHUNUN,,,
1,INDIA,29,RAJASTHAN,JODHPUR,,,
1,INDIA,29,RAJASTHAN,KARAULI,,,
1,INDIA,29,RAJASTHAN,KOTA,,,
1,INDIA,29,RAJASTHAN,NAGAUR,,,
1,INDIA,29,RAJASTHAN,PALI,,,
1,INDIA,29,RAJASTHAN,PRATAPGARH,,,
1,INDIA,29,RAJASTHAN,RAJSMAND,,,
1,INDIA,29,RAJASTHAN,SWAIMADHOPUR,,,
1,INDIA,29,RAJASTHAN,SIKAR,,,
1,INDIA,29,RAJASTHAN,SIROHI,,,
1,INDIA,29,RAJASTHAN,TONK,,,
1,INDIA,29,RAJASTHAN,UDAIPUR,,,
1,INDIA,31,TAMIL NADU,ARIYALUR,,,
1,INDIA,31,TAMIL NADU,CHENNAI,,,
1,INDIA,31,TAMIL NADU,COIMBATORE,,,
1,INDIA,31,TAMIL NADU,CUDDALORE,,,
1,INDIA,31,TAMIL NADU,DHARAMPURI,,,
1,INDIA,31,TAMIL NADU,DINDIGUL,,,
1,INDIA,31,TAMIL NADU,ERODE,,,
1,INDIA,31,TAMIL NADU,KANCHIPURAM,,,
1,INDIA,31,TAMIL NADU,KANYAKUMARI,,,
1,INDIA,31,TAMIL NADU,KARUR,,,
1,INDIA,31,TAMIL NADU,KRISHNAGIRI,,,
1,INDIA,31,TAMIL NADU,MADURAI,,,
1,INDIA,31,TAMIL NADU,NAGAPATTINAM,,,
1,INDIA,31,TAMIL NADU,NAMAKKAL,,,
1,INDIA,31,TAMIL NADU,NILGIRI,,,
1,INDIA,31,TAMIL NADU,PERAMBALUR,,,
1,INDIA,31,TAMIL NADU,PUDUKKOTTAI,,,
1,INDIA,31,TAMIL NADU,RAMANATHAPURAM,,,
1,INDIA,31,TAMIL NADU,SALEM,,,
1,INDIA,31,TAMIL NADU,SIVAGANGA,,,
1,INDIA,31,TAMIL NADU,THANJAVUR,,,
1,INDIA,31,TAMIL NADU,TENI,,,
1,INDIA,31,TAMIL NADU,TIRUVALLUR,,,
1,INDIA,31,TAMIL NADU,THOOTHUKUDI,,,
1,INDIA,31,TAMIL NADU,TIRUNELVELI,,,
1,INDIA,31,TAMIL NADU,TIRUPPUR,,,
1,INDIA,31,TAMIL NADU,THIRUVARUR,,,
1,INDIA,31,TAMIL NADU,TIRUVANNAMALAI,,,
1,INDIA,31,TAMIL NADU,TIRUCHIRAPPALLI,,,
1,INDIA,31,TAMIL NADU,VELLORE,,,
1,INDIA,31,TAMIL NADU,VILLUPURAM,,,
1,INDIA,31,TAMIL NADU,VIRUDHUNAGAR,,,
1,INDIA,33,TRIPURA,WEST TRIPURA,,,
1,INDIA,33,TRIPURA,SOUTH TRIPURA,,,
1,INDIA,33,TRIPURA,NORTH TRIPURA,,,
1,INDIA,33,TRIPURA,DHALAI,,,
1,INDIA,35,UTTARPRADESH,AGRA,,,
1,INDIA,35,UTTARPRADESH,ALIGARH,,,
1,INDIA,35,UTTARPRADESH,ALLAHABAD,,,
1,INDIA,35,UTTARPRADESH,AMBEDKARNAGAR,,,
1,INDIA,35,UTTARPRADESH,AMETHI,,,
1,INDIA,35,UTTARPRADESH,JYOTIBAPHULE NAGAR,,,
1,INDIA,35,UTTARPRADESH,AURAIYA,,,
1,INDIA,35,UTTARPRADESH,AZAMGARH,,,
1,INDIA,35,UTTARPRADESH,BAGHPAT,,,
1,INDIA,35,UTTARPRADESH,BAHRAICH,,,
1,INDIA,35,UTTARPRADESH,BALLIA,,,
1,INDIA,35,UTTARPRADESH,BALRAMPUR,,,
1,INDIA,35,UTTARPRADESH,BANDA,,,
1,INDIA,35,UTTARPRADESH,BARABANKI,,,
1,INDIA,35,UTTARPRADESH,BAREILLY,,,
1,INDIA,35,UTTARPRADESH,BASTI,,,
1,INDIA,35,UTTARPRADESH,BIJNOR,,,
1,INDIA,35,UTTARPRADESH,BADAUN,,,
1,INDIA,35,UTTARPRADESH,BULANDSAHAR,,,
1,INDIA,35,UTTARPRADESH,CHANDAULI,,,
1,INDIA,35,UTTARPRADESH,CHITRAKOOT,,,
1,INDIA,35,UTTARPRADESH,DEORIA,,,
1,INDIA,35,UTTARPRADESH,ETAH,,,
1,INDIA,35,UTTARPRADESH,ETAWAH,,,
1,INDIA,35,UTTARPRADESH,FAIZABAD,,,
1,INDIA,35,UTTARPRADESH,FARRUKHABAD,,,
1,INDIA,35,UTTARPRADESH,FATEHPUR,,,
1,INDIA,35,UTTARPRADESH,FIROZABAD,,,
1,INDIA,35,UTTARPRADESH,GAUTAMBUDHNAGAR,,,
1,INDIA,35,UTTARPRADESH,GHAZIABAD,,,
1,INDIA,35,UTTARPRADESH,GAZIPUR,,,
1,INDIA,35,UTTARPRADESH,GONDA,,,
1,INDIA,35,UTTARPRADESH,GORAKHPUR,,,
1,INDIA,35,UTTARPRADESH,HAMIRPUR,,,
1,INDIA,35,UTTARPRADESH,HAPUR,,,
1,INDIA,35,UTTARPRADESH,HARDOI,,,
1,INDIA,35,UTTARPRADESH,MAHAMAYANAGAR,,,
1,INDIA,35,UTTARPRADESH,JALAUN,,,
1,INDIA,35,UTTARPRADESH,JAUNPUR,,,
1,INDIA,35,UTTARPRADESH,JHANSI,,,
1,INDIA,35,UTTARPRADESH,KANNAUJ,,,
1,INDIA,35,UTTARPRADESH,KANPUR DEHAT,,,
1,INDIA,35,UTTARPRADESH,KANPUR,,,
1,INDIA,35,UTTARPRADESH,KASGANJ,,,
1,INDIA,35,UTTARPRADESH,KAUSHAMBI,,,
1,INDIA,35,UTTARPRADESH,KUSHINAGAR,,,
1,INDIA,35,UTTARPRADESH,LAKHIMPUR KHERI,,,
1,INDIA,35,UTTARPRADESH,LALITPUR,,,
1,INDIA,35,UTTARPRADESH,LACKNOW,,,
1,INDIA,35,UTTARPRADESH,MAHARAJGANJ,,,
1,INDIA,35,UTTARPRADESH,MAHOBA,,,
1,INDIA,35,UTTARPRADESH,MAINPURI,,,
1,INDIA,35,UTTARPRADESH,MATHURA,,,
1,INDIA,35,UTTARPRADESH,MAUNATH BHANJAN,,,
1,INDIA,35,UTTARPRADESH,MEERUT,,,
1,INDIA,35,UTTARPRADESH,MIRZAPUR,,,
1,INDIA,35,UTTARPRADESH,MORADABAD,,,
1,INDIA,35,UTTARPRADESH,MUZAFARNAGAR,,,
1,INDIA,35,UTTARPRADESH,PILHIBHIT,,,
1,INDIA,35,UTTARPRADESH,PRATAPGARH,,,
1,INDIA,35,UTTARPRADESH,RAIBEARELI,,,
1,INDIA,35,UTTARPRADESH,RAMPUR,,,
1,INDIA,35,UTTARPRADESH,SHARANPUR,,,
1,INDIA,35,UTTARPRADESH,SAMBHAL,,,
1,INDIA,35,UTTARPRADESH,SANTKABIRNAGAR,,,
1,INDIA,35,UTTARPRADESH,SANTRAVIDASNAGAR,,,
1,INDIA,35,UTTARPRADESH,SHAHJAHANPUR,,,
1,INDIA,35,UTTARPRADESH,SHAMLI,,,
1,INDIA,35,UTTARPRADESH,SHRAWASTI,,,
1,INDIA,35,UTTARPRADESH,SIDDHARTHNAGAR,,,
1,INDIA,35,UTTARPRADESH,SITAPUR,,,
1,INDIA,35,UTTARPRADESH,SONBHADRA,,,
1,INDIA,35,UTTARPRADESH,SULTANPUR,,,
1,INDIA,35,UTTARPRADESH,UNNAO,,,
1,INDIA,35,UTTARPRADESH,VARANASI,,,
1,INDIA,34,UTTARAKHAND,DEHRADUN,,,
1,INDIA,34,UTTARAKHAND,HARIDWAR,,,
1,INDIA,34,UTTARAKHAND,NANITAL,,,
1,INDIA,34,UTTARAKHAND,UDHAM SINGH NAGAR,,,
1,INDIA,36,WEST BENGAL,MALDA,,,
1,INDIA,36,WEST BENGAL,NADIA,,,
1,INDIA,36,WEST BENGAL,KOCHBIHAR,,,
1,INDIA,36,WEST BENGAL,NORTH 24 PRAGANA,,,
1,INDIA,36,WEST BENGAL,DAKSHIN DINAJPUR,,,
1,INDIA,36,WEST BENGAL,UTTAR_DINAJPUR,,,
1,INDIA,36,WEST BENGAL,BANKURA,,,
1,INDIA,36,WEST BENGAL,PURULIYA,,,
1,INDIA,36,WEST BENGAL,JALPAIGURI,,,
1,INDIA,36,WEST BENGAL,BARDAMAN,,,
1,INDIA,36,WEST BENGAL,MURSIDABAD,,,
1,INDIA,36,WEST BENGAL,BIRBHUM,,,
1,INDIA,36,WEST BENGAL,HAORA,,,
1,INDIA,36,WEST BENGAL,DARJEELING,,,
1,INDIA,36,WEST BENGAL,HUGLI,,,
1,INDIA,36,WEST BENGAL,PASHCHIM MEDINIPUR,,,
1,INDIA,36,WEST BENGAL,EASTMEDNIPUR,,,
1,INDIA,1,ANDAMAN & NICOBAR,ANDAMAN NICOBAR,,,
1,INDIA,6,CHANDIGARH,CHANDIGARH,,,
1,INDIA,8,Dadra And Nagar Haveli,DADAR & NAGAR HAVELI,,,
1,INDIA,9,DAMAN & DIU,DAMAN,,,
1,INDIA,9,DAMAN & DIU,DIU,,,
1,INDIA,19,LAKSHADWEEP,AGATTI,,,
1,INDIA,19,LAKSHADWEEP,AMINI,,,
1,INDIA,19,LAKSHADWEEP,ANDROTH,,,
1,INDIA,19,LAKSHADWEEP,CHETLAT,,,
1,INDIA,19,LAKSHADWEEP,KADMAT,,,
1,INDIA,19,LAKSHADWEEP,KALPENI,,,
1,INDIA,19,LAKSHADWEEP,KILTAN,,,
1,INDIA,19,LAKSHADWEEP,KAVARATTI,,,
1,INDIA,19,LAKSHADWEEP,MINICOY,,,
1,INDIA,27,PONDICHERRY,PUDUCHERY,,,
1,INDIA,27,PONDICHERRY,KARAIKAL,,,
1,INDIA,27,PONDICHERRY,MAHE,,,
1,INDIA,27,PONDICHERRY,YANAM,,,
