State,District,Semi Critical Block,Critical Block,Over Exploited Block
Andhra Pradesh,Adilabad,Boath(NC),,Nirmal (NC)
,,Lokeshwaram,,
,Anantapur,Dharmavaram,B.K. Samudram,Agali
,,Guntakal,Bathalapalli,Amarapuram
,,Kanaganapalli,Kothacheruvu,Anantapur
,,Kundurpi,N.P.Kunta,Beluguppa
,,Lepakshi,Nallamada,Bukkapatnam
,,Madakasira,O.D.Cheruvu,Chilmathur
,,Peddavaduguru(NC),Pamidi,D.Hirehal
,,Ramagiri,Raptadu,Gandlapenta
,,Roddam,Singanamala,Garladinne
,,,Somandepalli,Gorantla
,,,Tadimarri,Gudibanda
,,,Uravakonda,Gummagatta
,,,,Hindupur
,,,,Kadri
,,,,Mudigubba
,,,,Nallacheruvu
,,,,Narpala
,,,,Parigi
,,,,Peddapappur
,,,,Putlur
,,,,Puttarparthy
,,,,Rayadurg
,,,,Rolla
,,,,Settur
,,,,Tadipatri
,,,,Talapula
,,,,Yadiki
,,,,Yellanur
,,,,
,Chittoor,Gudupalli,Chowdepalle,Baireddypalli
,,Gurramkonda,G.D.Nellore,Chittor
,,Madanapalli,Irala,Gangavaram
,,Palamaner,Narayanavanam,Karvetinagar
,,Peddapanjani,Pulicherla,Nagari
,,Punganur,Puttur,Nindra
,,Piler,Ramakuppam,Pakala
,,Santhipuram,V.Kota,Palasamudram
,,Srikalahasti,Yadamari,Penumuru
,,Yerpedu,,Puthalapattu
,,,,Ramasamudram
,,,,R.C.Puram
,,,,S R Puram
,,,,Sodam
,,,,Thavanampalli
,,,,Tirupathi®
,,,,Vedurukuppam
,,,,Vijayapuram
,Kadapa,Atloor,Badvel,B.Koduru
,,B.Mattam,Duvvur,Chennuru
,,Chakrayapeta,Kamalapuram,Chinnamandem
,,Chintakommadinne,Mydukur,Chitvel
,,Galiveedu,,Kamalapuram
,,Kalasapadu,,Koduru
,,Kasinayana,,Lingala
,,Kondapuram,,Mydukur(NC)
,,Muddanur,,Obulavaripalli
,,Nandaluru,,Pendlimarri
,,Pengaluru,,Porumamilla
,,Rajampeta,,Proddatur(NC)
,,Sidhout,,Pulivendula
,,T.Sundupalli,,Pullampeta
,,Vallur(NC),,Simhadripuram
,,Vempalli,,Veeraballi
,,V.N.Palli,,Vemula
,,Vontimitta,,
,East Godavari,Prathipadu(C),,Thondanga(NC)
,,Peddapuram(C),,Seethanagaram(NC)
,,Pithapuram(NC),,Korukonda(NC)
,,Samalkot(NC),,Peddapuram(NC)
,,Rajahmundry(C),,Rangampeta
,,Mandapeta(NC),,Gandepali
,,,,Rajanagaram
,,,,Rajahmundry(NC)
,,,,Kadiyam(NC)
,,,,Anaporthi(NC)
,,,,Biccavoli(NC)
,Guntur,,,Bollapali
,,,,Rentachintala
,Karimnagar,Chigurumamidi,Bheemadevarpally,Bejjanki
,,Dharmaram(NC),Chendurthy,Boinapally
,,Jagityal(NC),Gambhiraopet,Choppadandi(NC)
,,Keshavapatanam(NC),Gollapally(NC),Dharampuri(NC)
,,Sricilla,Husnabad(NC),Eligedu(NC)
,,Thimmapur,Illanthakunta,Elkatherthy
,,Veenavankal(NC),Kamalapur(NC),Gangadhara
,,,Koheda,Huzurabad(NC)
,,,Mallial(NC),Ibrahimpatanam(NC)
,,,Manakondur,Karimnagar(NC)
,,,Odela(NC),Kathalapur
,,,Velgatoor(NC),Komidiyal
,,,Yellareddypally,Konaraopet
,,,,Korutla(NC)
,,,,Mallapur(NC)
,,,,Medipally(NC)
,,,,Mustabad
,,,,Ramadugu
,,,,Saidpur
,,,,Sulthanabad(NC)
,,,,Vemulawada
,Khammam,Kusumanchi(NC),,Khamman Rural(NC)
,,,,Tirumalayapalem
,,,,Enkur(NC)
,Krishna,Ibrahimpatnam(NC),Nuzud,
,,Vijayawada(NC),Musunuru,
,,Chatrai(NC),,
,,Bapulapadu(NC),,
,Kurnool,Kolimigundla,Kodumuru(NC),Allagadda(NC)
,,Kosigi(NC),,B.Atmakuru(NC)
,,Miduthuru,,Banaganapali
,,Rudravaram,,Chagalamarri(NC)
,,,,Gadivemula(NC)
,,,,Jupadu Bunglow(NC)
,,,,Kowthalam(NC)
,,,,Mahanandi
,,,,Nandyala(NC)
,,,,Orvakal
,,,,Srivella(NC)
,Medak,Andole,Chinnakodur,Chegunta
,,Jharasangam,Jagadevpur,Doulthabad
,,Kulcharam,Jinnaram,Dubbak
,,Nyalkal,Kondapur,Gajewal
,,Papannapet,Kowdipally,Hathnura
,,Patancheru,Medak,Kondapak
,,Pulkal,Narsapur,Mirdoddi
,,Sadasivpet,Wargal,Mulugu
,,Sangarreddy,Yedurthy,Nanganur
,,Shankarampet-R,,Ramayampet
,,Shivampet,,Siddipet
,,Tekmal,,Toopran
,,Zaheerabad,,
,Mehbubnagar,Addakal,C.C.Kunta,Amangal
,,Atmakuri(NC),Dharoor(NC),Bhoothpur
,,Bijinepaly,Ghanpur,Balanagar
,,Devarkadra,Gopalpet,Kalwakurthy
,,Dhanwada,Kondurg,Keshampet
,,Doulathabad,Kothakota(NC),Kosgi
,,Hanwada,Uppununthal,Kothur
,,Jadcherla,,Makthal(C)
,,Kodair,,Maidjil
,,Koilkonda,,Narva(NC)
,,Maddur,,Shadnagar
,,Madgul,,Talkondapally
,,Mahboobnagar,,Veldanda
,,Makthal(NC),,
,,Nagarkurnool,,
,,Narayanpet,,
,,Narva(NC),,
,,Pangal(NC),,
,,Pebbair(NC),,
,,Tadoor,,
,,Thimmajipet,,
,,Vangoor,,
,,Wanaparthy,,
,Nalgonda,Alair,B.Pochampally,Chityal
,,Atmakuri,Chandur,Garidepally(NC)
,,B.Ramaram,Kanagal,Rajapet
,,Bhongir,Mothkur,Yadagirigutta
,,Bibinagar,Ramannapet,
,,Chandampet,,
,,Chinthapally,,
,,Chivemla,,
,,Choutuppal,,
,,Devarakonda,,
,,Gundala,,
,,Gundlapally,,
,,Kethepalli,,
,,Mothey,,
,,Munagala(NC),,
,,Munugode,,
,,Nakerakal,,
,,Nalgonda,,
,,Nampally,,
,,Nidmanoor,,
,,Nuthankal(NC),,
,,P A Pally,,
,,S. Narayanpur,,
,,Thipparthy,,
,,Thungathurthy,,
,,Thurkapally,,
,Nellore,Buchireddipalem,Anantsagaram(NC),Indukurupeta- Nellore
,,Dakkili,Gudur,Kovur
,,Naidupeta,,Venkatachalam-(NC)
,,Nellore rural(NC),,
,,Podalakur(NC),,
,,T.P. Gudur,,
,,Venkatagiri,,
,,Vinjamur,,
,Nizamabad,Balkonda(C),Kammarpally,Armoor(C)
,,Birkur©,Nagireddypet,Balkonda(NC)
,,Bodhan©,Nandipet(C),Banswada(NC)
,,Lingampet,Sirikond,Bheemgal
,,Madnoor,,Bhiknoor
,,Morthad©,,Bichkunda
,,Navipet(NC),,Dharpally
,,Nizamsagar(NC),,Dichpally(NC)
,,Pitlam,,Domakonda
,,Renjal,,Jakranpally
,,Sadashivnagar,,Kamareddy
,,Yedpally(NC),,Kotagiri(NC)
,,,,Makloor(NC)
,,,,Morthad(NC)
,,,,Nizamabad(NC)
,,,,Vailpoor(NC)
,,,,Varni(C)
,,,,Yedpally(C)
,Prakasam,Ardhaveedu,Cumbum,Bestavaripeta
,,Cheemakurthy,,Dornala
,,J.Panguluru(NC),,Giddaluru
,,Kanigiri,,Markapuram
,,Komarolu,,Martur
,,Tarlupadu,,Peddaraveedu
,,Veligandla,,Pullacheruvu (NC)
,,Yaddanapudi©,,Racherla
,,,,Talluru
,,,,Tripurantakam
,,,,Yerragondapalem
,Ranga Reddy,Mominpet,Ganded,Shankarpally
,,Nawabpet,Pargi,Medchal
,,Hayathnagar,,Shamirpet
,,Saroommagar,,Keesara
,,Dharur,,Moinabad
,,Peddamul,,Doma
,,Kulakcherla,,Shabad
,,Yacharam,,Shamshabad
,,,,Maheshwaram
,,,,Kandukur
,,,,Ibrahimpatnam
,,,,Manchal
,Vijaynagaram,Cheepurupalli,,
,,Pusapatirega,,
,,Bhogapuram(NC),,
,Vishakhapatnam,Munagapaka,,
,Warangal,Geesugonda©,Geesugonda(NC),Bachannapet
,,Mahabubabad(NC),Narsampet(NC),Cherial
,,Mogullapally,,Devaruppula
,,Nekkonda,,Dharmasagar
,,Sangem(NC),,Duggondi(NC)
,,Wardhannapet ©,,Jangaon
,,,,Kodakandla
,,,,Lingala ghanpur
,,,,Maddur
,,,,Maripeda(NC)
,,,,Narmetta
,,,,Narsimhulapet(NC)
,,,,Nellikudur(NC)
,,,,Parvatagiri(NC)
,,,,Palakurthy
,,,,Raghunathpally
,,,,Rayaparthy
,,,,Regonda(NC)
,,,,Stn Ghanpur
,,,,Thorrur
,,,,Wardhannapet(NC)
,,,, Zaffergadh
,West godavari,Chagallu,Chintalapudi,Denduluru(NC)
,,KamavarapuKota,Devarapalli,Eluru(NC)
,,Tadepalligudem(NC),Dwarakatirumala,Gopalapuram
,,Tallapudi,Nallajarla,Jangareddigudem
,,,,Kovvuru
,,,,Koyyalagudem
,,,,Lingapalem
,,,,Nidadavolu
,,,,Pedavegi
,,,,T.Narsapuram
Chhattisgarh,Bilaspur,Belha,,
,Dhamtari,Dhamtari,,
,Durg,Balod,,
,,Dhamdha,,
,,Durg,,
,,Gurur,,
,,Patan,,
,,Saja,,
Delhi,East,,,East
,,,,
,New Delhi,,,New Delhi
,,,,
,North East,,,North East
,,,,
,North West,,,North West
,,,,
,South,,,South
,,,,
,,,,
,South West,,,South West
,,,,
,,,,
,West,,,West
Gujarat,Ahmedabad,Barvala,Detroj Rampura,City - Dascroi
,,Mandal,Sanand,Dholka
,,Bavla,-,-
,,Viramgam,-,-
,,,,
,Amreli,Amreli,-,-
,,Babra,-,-
,,Bagasara,-,-
,,Khambha,-,-
,,Lathi,-,-
,,Savarkundla,-,-
,,,,
,Anand,Khambhat,,
,,,,
,Banaskantha,Danta,Amirgadh,Deodar
,,,Deesa,Dhanera
,,,-,Tharad
,,,-,Vadgam
,,,-,Kankrej
,,,-,Palanpur
,,,,
,Bharuch,Amod,Bhavnagar,-
,,Jhaghadiya,,
,,,,
,Bhavnagar,Botad,,
,,Ghogha,,
,,Sihor,,
,,Talaja,,
,,,,
,Dohad,Devgadh baria,,
,,Dhanpur,,
,,,,
,Gandhinagar,,-,Dehgam
,,,-,Gandhinagar
,,,-,Kalol
,,,-,Mansa
,,,,
,Jamnagar,JamJodhpur,,
,,Jodiya,,
,,Kalawad,,
,,Okhamandal,-,-
,,,,
,Junagadh,Bhesan,Manavadar,Mangrol
,,Junagadh,Vanthali,
,,Keshod,,
,,Kodinar,,
,,Mendarada,,
,,Sutrapada,,
,,Veraval,,
,,Visavadar,-,
,,,,
,Kachchh,Abdasa,Rapar,Anjar
,,Bhuj,,Bhachau
,,Mundra,,Mandavi
,,Nakhatrana,,
,,-,-,
,Kheda,Balasinor,Mahemdabad,-
,,Kapadvanj,-,-
,,Kathlal,-,-
,,,-,-
,Mahesana,-,Vadnagar,Bechraji
,,-,-,Kadi
,,-,-,Kheralu
,,-,-,Mahesana
,,-,-,Satlasna
,,-,-,Unjha
,,-,-,Vijapur
,,-,-,Visnagar
,,,,
,Panchmahals,Ghoghamba,,
,,Kalol,,
,,Khanpur,,
,,Lunawada,,
,,Monava Hadaf,,
,,Santrampur,,
,,,,
,Patan,-,-,Chanasma
,,-,-,Patan
,,-,-,Sidhpur
,,,,
,Porbandar,Kutiyana,,Porbandar
,,Ranavav,,
,,-,-,
,Rajkot,Dhoraji,Gondal,
,,Jam Kandorana,,
,,Jasdan,,
,,Lodhika,,
,,Morbi,,
,,Paddhari,,
,,Rajkot,,
,,Upleta,,
,,,,
,Sabarkantha,Bayad,Modasa,Idar
,,Bhiloda,,Vadali
,,Dhansura,,
,,Himatnagar,,
,,Meghraj,,
,,Prantij,,
,,Talod,,
,,Vijaynagar,,
,,,,
,Surat,Choriyasi,,
,,,,
,Surendranagar,Chuda,,
,,Dhrangadhra,,
,,Wadhwan,,-
,,,,
,Vadodara,Karjan,-,Vadodara
,,Sinor,-,-
,,,,
Haryana,Ambala,Ambala I,Shazadpur,Barara
,,,Ambala II,Naraingarh
,,,,Saha
,Bhiwani,,Dadri-II,Badra
,,,Siwani,Dadri-I
,,,,Kairu
,,,,Loharu
,Fatehabad,,Bhattu Kalan,Fatehabad
,,,Bhuna,Ratia
,,,,Tohana
,,,,Jakhal
,Faridabad,,Faridabad,
,,,Hassanpur,
,Gurgaon,Ferozpur Zhikra,Nagina,Farukhnagar
,,,,Gurgaon
,,,,Pataudi
,,,,Sohna
,,,,Tauru
,Hissar,,,Narnaund
,,,,
,Jhajjar,Bhadurgarh,,Jhajjar
,,,,Salhawas
,Jind,,Alewa,Safidon
,,,Narwana,
,Kaithal,,,Gulha
,,,,Kathiyal
,,,,Kalayat
,,,,Pundri
,,,,Rajaund
,,,,
,Palwal,,Hathin,Hodel
,,,,Palwal
,,,,Hassanpur
,,,,Kaithal
,,,,Kalayat
,,,,Pundri
,,,,Rajaund
,Karnal,,,Assandh
,,,,Gharaunda
,,,,Indri
,,,,Karnal
,,,,Nilokheri
,,,,Nissang
,Kurukshetra,,,Babain
,,,,Ladwa
,,,,Pehowa
,,,,Shahbad
,,,,Thaneswar
,Mahendragarh,,Ateli,Kanina
,,,Mahendragarh,Nangal Chaudary
,,,Narnaul,
,,,,
,Panipat,,,Bapoli
,,,,Israna
,,,,Madlauda
,,,,Panipat
,,,,Samalkha
,Panchkula,Raipur Rani,,
,,,,
,Rewari,Nahar,,Jatusana
,,,,Rewari
,,,,Bawal
,,,,Khol
,Rohtak,,,Sampla
,,,,
,Sirsa,,Baraguda,Ellenabad
,,,,Rania
,,,,Sirsa
,,,,Ns Chopta
,Sonepat,,,Ganaur
,,,,Gohana
,,,,Rai
,,,,Sonepat
,Yamunanagar,Sadhuara,,Jagadhri
,,Chachrauli,,Mustafabad
,,,,Radour
Karnataka,Bagalkot,,,Badami 
,,-,-,Bagalkote 
,,-,-,Hungund 
,,-,-,Jamkhandi
,,-,-,Mudhol
,Bangalore Rural,-,-,Channapatna
,,,,Devenhalli
,,-,-,Dod Ballapur
,,-,-,Hoskote
,,,,Kanakapura(P) 
,,,,Magadi (P)
,,-,-,Nelamangala
,,,,Ramanagram
,Bangalore Urban,-,-,Anekal
,,-,-,Bangalore North
,,-,-,Bangalore South
,Belgaum,,,Athni (P)
,,,,Bailahongal (P)
,,,,Chikodi (P)
,,,,Gokak (P)
,,-,,Ramdurg 
,,-,,Raibagh(P)
,,-,,Saundatti (P)
,,-,,
,Bellary,H.B. Halli(P-I),,Bellary (P)
,,Kudligi(P),,Hadagalli
,Bijapur,B.Bagevadi(P),-,Sindgi (P)
,,Indi (P-I),-,Muddebihal (P)
,,,-,
,Chamrajnagara,Gundlupet (P),,Kollegal (P)
,,,-,
,Chikmagalur,Kadur(P),,
,Chitradurga,Challakere (P),,Chitradurga
,,Hiriyur,,Holalkere
,,-,-,
,Davangere,Honnali (P),,Channagiri (P)
,,-,-,Davangere (P)
,,-,-,Harpanahalli 
,,,,Harihar (P)
,,-,-,Jagalur(P)
,Gadag,Mundargi,-,Gadag (P)
,,,,Nargund(P)
,,,-,Ron 
,Hassan,Arsikere (NC),-,C R Patna (NC)
,,-,-,Hassan (NC)
,,-,-,Holenarsipur (NC)
,Haveri,,Hirekerur (NC), Byadgi (NC)
,,,,Ranibennur (NC)
,,,,Haveri (NC)
,,,,-
,Kolar,-,-,Bangarpet
,,-,-,Kolar
,,-,-,Malur
,,-,-,Mulbagal
,,-,-,Srinivaspur
,Koppal,,-,Gangawati (NC)
,,-,-,Koppal (NC)
,,-,-,Yelbarga
,Mandya,,Malavalli (NC),Krishnarajpet (NC)
,Mysore,Nanjangud (NC),,Mysore (NC)
,,,,-
,,,-,-
,Tumkur,Gubbi (NC),Pavagada,C.N. Halli
,,Sira (NC),-,Koratagere
,,-,-,Madhugiri
,,-,-,Tiptur (NC)
,,,-,Turuvekere (NC)
Kerala,Trivendum,Kilmanoor,Chirayinkil,Athiyannor
,,Nemom,Parassala,
,Quilon,Anchalamood,,
,,Mukhathala,,
,,Panthanapuram,,
,,Vettikaala,,
,Idukki,Devikulam,Kattappana,
,,Nedumkandam,,
,,,,
,Ernakulam,Alangadu,Angamaly,
,,Koonvapady,Parakkadavu,
,,Mulanthuruthy,Pampakuda,
,,Paravoor,Vyttila,
,Trichur,Mala,,Kodungallor
,,Mathilakam,,
,,Ollurkara,,
,,Thalikulam,,
,Malappuram,Andathodu,Wandur,
,,Kondotty,,
,,Kuttipuram,,
,,Manjeri,,
,,Nilambur,,
,,Tanur,,
,,Tirurangadi,,
,,Vengara,,
,Palghat,Attapadi,Kollengode,Chittur
,,Sreekrishnapuram,Palghat,
,,,Thrithala,
,Calicut,Chevayoor,Balusseri,Kozhikode
,,,Tooneri,
,Wayanad,Sulthan Bathery,,
,Kannur,,Kuthuparamba,-
,,,Tellissery,
,Kasargod,Manjeswar,,-
,,Kanhangad,,
Madhya Pradesh,Barwani,Rajpur,-,Parasemal
,,,-,-
,Bhopal,Phanda,-,-
,Betul,Amla,,
,Buhanpur,Burhanpur,-,-
,Chhatarpur,Chhatarpur,-,-
,Chhindwara,.Chhindwara,-,-
,Dewas,,Dewas,
,,-,Sonkutch,
,Dhar,Dharampuri,-,Badnawar
,,,-,Dhar
,,-,-,Nalcha
,,,,Manawar
,,-,-,Tirla
,Indore,,Depalpur,Indore
,,,-,Sanwer
,,,-,
,Khargone,Khargone,Barwaha,-
,,Mahashwar,-,-
,,,-,-
,Khandwa,Chopan,-,-
,Mandsaur,Bhanpura,-,Mandsaur
,,,,Malahargarh
,,,-,Sitamau
,Neemuch,Jawad,-,Neemuch
,,,-,-
,Ratlam,Sailana,-,Alote
,,-,-,Jaora
,,-,-,Piploda
,,-,-,Ratlam
,Satna,Rampur ,,
,,Baghalan,,-
,Sehore, Astha,-,-
,,Sehore,-,-
,Shajapur,Agar,Barod,Kalapipal
,,Shajapur,-,Mohan Barodia
,,,,Nalkhera
,,,-,Shujalpur
,,-,-,Susner
,Ujjain,Tarana,-,Badnagar
,,Khachrod,-,Ghatia
,,-,-,Ujjain
Maharashtra,Ahmednagar,Kopargaon,-,Rahata
,,Ahmednagar,-,-
,,Newasa,-,-
,,Sangamner,-,-
,,Shrirampur,-,-
,Amravati,,Chandur Bazar,Daryapur
,,,-,Morshi
,,,-,Warud
,,,-,
,Buldhana,Buldhana,-,Jalgaon
,Jalgaon,Chopda,-,Raver
,,Pachora,-,Yawal
,,,-,-
,Latur,Latur,-,-
,,Renapur,-,-
,Nagpur,Katol,,
,,Narkhed,,
,Nashik,Chandwad,-,-
,,Sinnar,-,-
,,Niphad,-,-
,Osmanabad,Osmanabad,-,-
,Pune,Ambegaon,,
,,Baramati,-,-
,,Junnar,,
,,Purandhar,-,-
,Sangli,Miraj,,Kavathe Mahankal
,,Tasgaon,,
,Solapur,Khatav,-,
Punjab,Amritsar,-,-,Ajnala
,,,,Bhikhiwind
,,-,-,Chagawan
,,-,-,Chola Sahib
,,-,-,Gandiwind
,,,,Harsha China
,,,,Jandiala
,,,,Khadur Sahib
,,-,-,Majitha
,,,,Naushehra Panuan
,,,,Patti
,,,,Rayya
,,,,Tarn Taran
,,-,-,Tarsika
,,-,-,Valtoha
,,-,-,Verka
,Bathinda,-,,Mour
,,-,,Nathana
,,-,-,Phul
,,,,Rampura
,Faridkot,-,-,Faridkot
,,-,-,Kot Kapura
,,,,
,Fatehgarh Sahib,-,-,Amloh
,,-,-,Bassi Pathana
,,-,-,Khamanon
,,-,-,Khera
,,-,-,Sirhind
,Ferozepur,,Mamdot,Fazilka
,,,,Ferozpur
,,,,Ghall Khurd
,,,,Guru Har Sahai
,,-,-,Jalalabad
,,,,Makhu
,,-,-,Zira
,Gurdaspur,N.J.Singh,Dhariwal,Batala
,,-,Kalanaur,Dera Baba Nanak
,,-,-,Fatehgarh Churian
,,-,-,Kahnuwan
,,-,-,Qadian
,,-,-,Sri Hargobindpur
,,-,-,Gurdaspur
,Hoshiarpur,Garhsahnkar,-,Hoshiarpur-I
,,Harshankar,-,Tanda
,Jalandhar,-,-,Adampur
,,-,-,Bhogpur
,,-,-,Goraya
,,-,-,Jalandhar-East
,,-,-,Jalandhar-West
,,-,-,Lohian
,,-,-,Nakodar
,,-,-,Nur Mahal
,,-,-,Phillaur
,,-,-,Shahkot
,Kapurthala,-,-,Bholath
,,-,-,Dhilwan
,,-,-,Kapurthala
,,-,-,Phagwara
,,-,-,Sultanpur
,Ludhiana,-,Doraha,Dehlon
,,-,-,Jagraon
,,-,-,Khanna
,,-,-,Ludhiana
,,-,-,Machiwara
,,-,-,Mangat
,,-,-,Pakhowal
,,-,-,Samrala
,,-,-,Sidhwan Bet
,,-,-,Sudhar
,Mansa,-,-,Bhikhi
,,-,-,Budhlada
,,-,-,Jhunir
,,-,-,Mansa
,,-,-,Sardulgarh
,Moga,-,-,Bagha Purana
,,-,-,Dharamkot 
,,-,-,Moga I
,,-,-,Moga II
,,-,-,Nihal Singh Wala
,Nawan Shahr,-,-,Aur
,,-,-,Banga
,,-,-,Nawan Shahr
,Patiala,Dera Bassi,-,Bhuner Heri
,,-,-,Ghanaur
,,-,-,Nabha
,,-,-,Patiala
,,-,-,Rajpura
,,-,-,Samana
,,-,-,Sanaur
,,-,-,Patran
,Ropar,-,Sialba Majri,Chamkaur Sahib
,,-,-,Morinda
,Sangrur,-,-,Ahmedgarh
,,-,-,Andana
,,,,Barnala
,,-,-,Bhiwanigarh
,,-,,Dhuri
,,-,-,Lehraghaga
,,,,Mahal Kalan
,,-,-,Maler Kotla
,,-,-,Sangrur
,,,,Shena
,,-,-,Sherpur
,,-,-,Sunam
Rajasthan,Ajmer,-,Kekri,Arain
,,-,Masuda,Bhinai
,,-,-,Jawaja
,,-,-,Pisangan
,,-,-,Silora
,,-,-,Srinagar
,Alwar,-,Thanagazi,Behror
,,-,-,Bansur
,,-,-,Kathumar
,,-,-,Kishangarh
,,-,-,Kotkasim
,,-,-,Laxmangarh
,,-,-,Mandawar
,,-,-,Neemrana
,,-,-,Rajgarh
,,-,-,Ramgarh
,,-,-,Reni
,,-,-,Tijara
,,-,-,Umrain
,Banswara,Anandpuri,Garhi,
,,Bagidora,,
,,Ghatol,,
,,Kushalgarh,,
,,Sajjangarh,,
,,Tallwara,,
,,,,
,Baran,Chippabarod,Anta,Atru
,,,-,Baran
,Barmer,-,Chohtan,Baetu
,,-,Sindhri,Balotra
,,-,-,Dhorimanna
,,-,-,Siwana
,,-,-,Sheo
,Bharatpur,Bayana,,Nadbai
,,-,,Sewer
,,,,Weir
,Bhilwara,-,Kotri,Asind
,,-,Sahada,Banera
,,-,Shahpura,Hurda
,,-,-,Jahazpur
,,-,-,Mandal
,,-,-,Mandalgarh
,,-,-,Raipur
,,-,-,Sahada
,,-,-,Shahpura
,,-,-,Suwana
,Bikaner,-,Dungargarh,Bikaner
,,-,-,Nokha
,Bundi,-,Talera,Hindoli
,,-,Kesorai Patan,Nainwa
,Chittorgarh,Bhainsrorgarh,-,Arnod
,,-,-,Bari Sadri
,,-,-,Begun
,,-,-,Bhadesar
,,-,-,Bhoopalsagar
,,-,-,Choti Sadri
,,-,-,Chittorgarh
,,-,-,Dungla
,,-,-,Gangrar
,,-,-,Kapasan
,,-,-,Nimbahera
,,-,-,Rashmi
,,-,-,Rashmi
,Churu,,Sujangarh,Rajgarh
,,,,
,Dausa,-,-,Bandikui
,,-,-,Dausa
,,-,-,Lalsot
,,-,-,Mahua
,,-,-,Sikrai
,Dholpur,-,Baseri,Dholpur
,,-,-,Rajakhera
,Dungarpur,Bichhiwara,Sagwara,
,,Dungarpur,Simalwara,
,,,,
,Jaipur,-,Phagi,Amer
,,-,Dudu,Bairath
,,,,Bassi
,,,,Chaksu
,,,-,Govindgarh
,,,-,Jamwa Ramgarh
,,-,-,Jhotwara
,,-,-,Kotputli
,,,,Sambher
,,-,-,Sanganer
,,-,-,Shahpura
,,-,-,
,Jaisalmer,-,-,Jaisalmer
,,-,-,Sankra
,Jalore,-,-,Ahore
,,-,-,Bhinmal
,,-,-,Jalore
,,-,-,Jaswantpura
,,-,-,Raniwara
,,-,-,Sanchore
,,-,-,Sayla
,Jhalawar,-,Bakani,Manohar Thana
,,-,Dag,Pirawa
,,-,Jhalra Patan,
,,-,Khanpur,
,,-,,
,Jhunjhunu,-,-,Buhana
,,-,-,Chirawa
,,-,-,Jhunjhunu
,,-,-,Khetri
,,-,-,Nawalgarh
,,-,-,Surajgarh
,,-,-,Udaipurwati
,,-,-,
,Jodhpur,Phalodi,Luni,Balesar
,,-,Shergarh,Bhopalgarh
,,-,-,Bilara
,,-,-,Mandore
,,-,-,Osian
,,-,-,
,,-,-,
,Karauli,Nadauti,Sapotra,Hindaun
,,-,-,Karauli
,,-,-,Todabhim
,,-,-,
,Kota,,Sultanpur,Itawa
,,,-,Ladpura
,,,-,Khairabad
,,,,Sangod
,Nagaur,Ladnu,Jayal,Degana
,,-,Makrana,Didwana
,,-,-,Kuchaman
,,-,-,Merta
,,-,-,Mundwa
,,-,-,Parbatsar
,,-,-,Riyan
,,-,-,
,Pali,-,Bali,Jaitaran
,,,Desuri,Kharchi
,,,Pali,Raniwara
,,,Raipur,Sojat
,,,Rohit,Sumerpur
,Rajsamand,-,Railmagra,Amet
,,-,Rajsamand,Bhim
,,-,-,Deogarh
,,-,-,Khamnor
,,-,-,Kumbhalgarh
,Sawaimadhopur,-,Bamanwas,Gangapur
,,-,Bonli,Sawai Madhopur
,,-,Khandar,
,,-,-,Danta Ramgarh
,Sikar,-,-,Dhod
,,-,-,Khandella
,,-,-,Lachhmangarh
,,-,-,Neem Ka Thana
,,-,-,Piprali
,,-,-,Sri Madhopur
,,-,-,
,Sirohi,Abu Road,-,Reodar
,,Pindwara,-,Sheoganj
,,Sirohi,-,
,Tonk,-,Deoli,Uniara
,,,Malpura,
,,,Newai,
,,-,Toda Rai Singh,
,,-,Tonk,
,Udaipur,,Kherwara,Badgaon
,,,Kotra,Bhinder
,,-,Sarada,Girwa
,,-,,Gogunda
,,,,Dhariwayad
,,,,Jhadol
,,,,Malvi
,,,,Salumber
,,,,
Tamil Nadu,Coimbatore,Pongalur,Gudimangalam,Annur
,,,Karamadai,Avinashi
,,,Palladam,Kinathukodavu
,,,Udumalpet,Madukarai
,,-,-,P_N_Palayam
,,-,-,Pollachi_N
,,,,Pollachi_S
,,,,Sarkarsammakulam
,,,,Sultanpet
,,,,Sulur
,,,,Thondamuthur
,Cuddalore,Annagramam,-,
,,Cuddalore,-,
,,Kammapuram,,
,,Kurinjipadi,,
,,Mangalore,,
,,Panruti,,
,,Vridhachalam,-,
,,Nallur,,
,Dharmapuri,,Pennagaram,Dharmapuri
,,-,-,Harur
,,-,-,Karimangalam
,,-,-,Morappur
,,-,-,Nallampalli
,,-,-,Palacode
,,-,-,Pappireddipatti
,Dindigul,,Nilakkottai,Attur
,,,Palani,Batlagundu
,,-,-,Dindigul
,,-,-,Guzliamparai
,,-,-,Oddanchattram
,,-,-,Reddiarchattiram
,,-,-,Sanarpatti
,,-,-,Thoppampatti
,,-,-,Vadamadurai
,,-,-,Vedasandur
,Erode,Perundurai,Bhavanisagar,Ammapet-E
,,T.N.Palayam,Satyamangalam,Andhiyur
,,,Thalavadi,Nambiyur
,,,-,-
,,,-,-
,,,-,-
,Kancheepuram,St. Thomas Mount,Sittamur,Lattur
,,Thiruporur,Thirukalunkundram,Uthiramerur
,,Acharapakkam,-,
,,,-,
,Karur,Aravakurichi,,Kadavur
,,K.R.Puram,-,Thanthoni
,,-,-,
,,,-,
,Krishnagiri,Hosur,,Burgur
,,Kaveripattinam,-,Mathur
,,Shoolagiri,-,Uthangarai
,,,-,Veppanapalli
,,,-,
,Madurai,T.Kallupatti,Allanganullur,Chellampatti
,,Thirumangalam,-,Sedapatti
,,Thiruparunkundram,-,Usilampatti
,,-,-,
,,-,-,
,Nagapattinam,Myladuthurai,,Kollidam
,,-,-,Kuttalam
,,-,-,Sirkazhi
,,-,-,Sembanarkoil
,Namakkal,Kabilarmalai,Malasamutharam,Erumapatti
,,Mohanur,Paramathi,Namagiripettai
,,Thiruchengode,,Puduchatram
,,,,Rasipuram
,,,-,Sendamangalam
,,-,-,Vennandur
,,,,Namakkal
,,,,Pallipalayam
,Perambalur,-,-,Alathur
,,-,,Perambalur
,,-,-,Veppanthattai
,,-,-,Veppur
,Pudukkottai,Thiruvarankulam,-,-
,,,-,-
,,,-,-
,Ramanathapuram,Mandapam,Thirupullani,-
,,Ramanathapuram,,
,Salem,Kolathur_S,Kadayampatti,Attur-S
,,Sankari,,Ayothiapattinam
,,Tharamangalam,,Gangavalli
,,,,Konganapuram
,,,,Magudanchavadi
,,,,Mecheri
,,,-,Nangavalli
,,-,-,Omalur
,,,,P.N.Palayam
,,-,-,Panamarathupatti
,,,,Salem
,,-,-,Thalaivasal
,,-,-,Valapadi
,,-,-,Veerapandi
,Sivagangai,S.Pudur,-,-
,Thanjavur,Mudukkur,Ammapet,
,,Thiruvaiyaru,,
,,Thiruvonam,-,Kumbakonam
,,-,-,Thiruppanandal
,,-,-,Thiruvidaimaruthur
,,-,-,
,Theni,-,Bodinaikkanur,Andipatti
,,-,Cumbum,Uthamapalayam
,,-,Theni,Chinnamanur
,,-,,Myladumparai
,,-,,Periyakulam
,Tiruchirappalli,,Musiri,Manappari
,,,-,Tathaiyangarpettai
,,-,-,Thuraiyur
,,-,-,Uppliyapuram
,Tirunelveli,Alankulam,,Melneelithanallur
,,,,Radhapuram
,,,-,Sankarankoil
,,,-,Valliyur
,Tiruvallur,Sholavaram,Kadambathur,
,,Tiruvallur,Poonamalle,
,Tiruvannamalai,Annakkavur,Arni (West),Chengan
,,Arni (East),Javadi Hill,Kalasapakkam
,,Cheyyar,,Kilpennathur
,,Chetpet,,Polur
,,Vembakkam,,Pudupalayam
,,,-,Thandarampattu
,,-,-,Thiruvalankadu
,,-,-,Thurinjapuram
,,,,Vandavasi
,Tiruvarur,Nannilam,Kodavasal,Valangaiman
,,Needamangalam,,
,Tuticorin,Karunkulam,Pudur,Kayathar
,,Tiruchendur,,Kovilpatti
,,,,Ottapidaram
,,,,Satankulam
,,,,Tuticorin
,,,,Udangudi
,,,,Vilathikulam
,Vellore,Alangayam,Nemili,Allangayam
,,Kaveripakkam,,Anaicut
,,Wallajah,,Arcot
,,,,Gudiyatham
,,,,Jolarpet
,,-,-,K.V.Kuppam
,,-,-,Kandili
,,-,-,Kanniyambadi
,,-,-,Katpadi
,,-,-,Madanur
,,-,-,Nattrampalli
,,-,-,Pernampet
,,-,-,Sholinghur
,,,,Timiri
,,-,-,Tiruppathur
,,-,-,Vellore
,Villupuram,Chinnasalem,Kallakurichi,Gingee
,,Kanai,Thirunavalur,Kandamangalam
,,Thiyagadurgam,Vanur,Kolianur
,,Tirukovilur,,Mailam
,,,,Marakanam
,,,-,Melmalaiyanur
,,,,Mugaiyur
,,-,-,Olakkur
,,,,Rishivandhiyam
,,,,Sankarapuram
,,-,-,Tiruvennainallur
,,-,-,Ulundurpet
,,-,-,Vallam
,,-,-,Vikravandi
,Virudhunagar,Sivakasi,Watrap,Rajapayalam
,,Srivilliputhur,,-
Uttar Pradesh,Agra,Akola,,Shamshabad
,,Bah,-,Barauli Ahir
,,Bichpuri,-,
,,Etmadpur,-,
,,Fatehabad,-,
,,Khandauli,-,
,Aligarh,Atrauli,,-
,,Khair,-,-
,Ambedkar Nagar,Katehari,,
,,,Karchhana,-
,Auraiya,Bidhuna,-,-
,Azamgarh,Palhani,,
,,Rani ki Sarai,,
,,,-,-
,Baghpat,Baghpat,Chaprauli,Binauli
,,-,Khekra,Pilana
,Ballia,Bairia,,-
,Bareilly,Budhanpur (Seohara,-,-
,,Bhutah,-,-
,,Fatehganj,Noorpur,-
,,Nawabganj,-,-
,,Ramnagar,-,
,,Shergarh,-,
,Bijnor,Kiratpur,-,Jalilpur
,Budaun,Dataganj,Dahigawan,Ambiapur
,,Usawan,Islam Nagar,Asafpur
,,-,Miaon,Bisauli
,,,,Jagat
,,-,-,Junawai
,,,,Rajpura
,,,,Sahaswan
,,,,Salarpur
,,,,Wazirganj
,Buland Sahar,Gulaothi,,-
,Deoria,Bankata,,
,,Deoria Sadar,,
,,Gauri Bazar,,
,,Rudrapur,,
,Etah,Jalesar,,Kasganj
,,Nidholi Kalan,,Marehra
,,,,Sakeet
,Faizabad,,Haringteenganj,
,Farrukhabad,Mohamadabad,Kamalganj,Barhpur
,Fatehpur,Airawan,,
,,Deomai,,
,Firozabad,Madanapur,Firozabad,
,,Shikohabad,,
,,Tundla,,
,Ghaziabad,Hapur,,
,,Loni,,
,Gonda,Padri Kripal,,
,Hardoi,Harpalpur,,
,,Madhoganj,,
,,Mallawan,,
,Hathras,Hassain,Hathras,Sadabad
,,,,Sahpau
,,,,Sasni
,Jaunpur,Jalalpur,,
,,Kerakat,,
,Jyotiba Phule Nagar,Joya,,Gajraula
,,,,Gangeshwari
,,,,Hasanpur
,Kannauj,Jalalabad,,
,,Kannauj,,
,,Talgram,,
,Kanpur Nagar,Shivrajpur,,
,Kaushambhi,Chail,,
,Kushi Nagar,Kasaya,,
,,Sukrauli,,
,Lalitpur,Bar,,
,,Talbehat,,
,Lucknow,Bakshi Ka Talab,,Mal
,,Kakori,,
,,Malihabad,,
,,Sarojini Nagar,,
,Manipri,Bamahal,,
,Mathura,Baldeo,,Nohjhil
,,Chhata,,
,,Mat,,
,,Mathura,,
,,Raya,,
,Maunath Bhanjan,Mohammadabad,,
,Moradabad,Asmoli,,Bahjoi
,,Bilari,,Dingerpur
,,Dilari,,Sambhal
,,Pawansa,,
,Muzaffar Nagar,Kairana,,Shahpur
,,Kandhala,,Un
,,Khatauli,,
,,Shamli,,
,,Thanabhawan,,
,Raibareli,Bachharawan,Lalganj,
,,Kheron,Satawan,
,,Maharajganj,,
,,Rahi,,
,,Saraini,,
,Rampur,,,Chamraua
,Saharanpur,Deoband,,Gangoh
,,Nagal,,Nakur
,,Punwarka,,Nanauta
,Shahjahanpur,,Kalan,
,Sitapur,Aliya,,
,,Gondalamau,,
,Unnao,Bangarmau,,
,,Hilauli,,
Uttaranchal,Haridwar,Bahadrabad,,Bhagwanpur
,,Gurukul Narsen,--,Laksar
,,Roorkee,--,--
West Bengal,Burdwan,Bhatar,--,--
,,Ketugram I,,
,,Memari II,,
,,Magalkote,,
,,Manteswar,,
,,Purbasthali II,,
,Birbhum,Murarai II,,
,,Nalhati II,,
,,Rampurhat II,,
,,Nanoor,,
,Hugli,Goghat I,,
,,Pandua,,
,Malda,Harishchandrapur-Ii,,
,,Kaliachak-I,,
,Medinipur (E),Moyna,,
,Medinipur (W),Daspur-II,,
,Mursidabad,Barwan,BharatpurII,--
,,Berhampur,,
,,Bhagabangola I,,
,,Bhagabangola II,,
,,Bharatpur I,,
,,Domkal,,
,,Hariharpara,,
,,Jalangi,,
,,Lalgola,,
,,Murjiaganj,,
,,Nabagram,,
,,Nowda,,
,,Raninagar I,,
,,Sagardighi,,
,,Suti II,,
,Nadia,Chapra,,
,,Hanskhali,,
,,Karimpur I,,
,,Karimpur II,,
,,Tehatta I,,
,,Tehatta II,,
Daman and Diu,Diu,-,-,Diu
,Daman,Daman,-,
Lakshadweep,Agatti,Agatti,,
,Amini,Amini,,
,Kavaratti,Kavaratti,,
Pondicherry,UT of Puducherry,,, Puducherry
