"Country Code","Country","State Code","State","District","Annual Replenishable Ground Water Resource","Domestic & Industrial Water Supply","Projected demand for Domestic and Industrial uses upto 2025","Net Ground Water Availability for Future Irrigation use","Stage of Ground Water Development (%)"
"1","INDIA","2","ANDHRA PRADESH","GUNTUR","171178","8552","10461","98221","36"
"1","INDIA","2","ANDHRA PRADESH","VIZIANAGARAM","159296","9585","13376","38123","79"
"1","INDIA","2","ANDHRA PRADESH","VISHAKHAPATNAM","186430","16033","18852","47361","71"
"1","INDIA","2","ANDHRA PRADESH","EAST GODAVARI","161415","4451","13177","101056","25"
"1","INDIA","2","ANDHRA PRADESH","SRIKAKULAM","200306","6642","14624","137823","19"
"1","INDIA","2","ANDHRA PRADESH","NELLORE","123645","6105","8804","44229","59"
"1","INDIA","2","ANDHRA PRADESH","KURNOOL","195376","4620","11415","60269","64"
"1","INDIA","2","ANDHRA PRADESH","PRAKASAM","221127","6206","10983","139986","29"
"1","INDIA","2","ANDHRA PRADESH","KHAMMAM","181886","9530","11884","105226","36"
"1","INDIA","2","ANDHRA PRADESH","ADILABAD","150515","4144","13067","89853","28"
"1","INDIA","2","ANDHRA PRADESH","KRISHNA","131662","3066","7603","24967","83"
"1","INDIA","2","ANDHRA PRADESH","WEST GODAVARI","181299","4502","12666","81635","45"
"1","INDIA","2","ANDHRA PRADESH","MAHABUBNAGAR","211146","10197","11549","76000","59"
"1","INDIA","2","ANDHRA PRADESH","CUDDAPAH","272471","5080","44026","140287","27"
"1","INDIA","2","ANDHRA PRADESH","NALGONDA","133025","1934","6679","34153","69"
"1","INDIA","2","ANDHRA PRADESH","WARANGAL","178624","2124","7795","112453","28"
"1","INDIA","2","ANDHRA PRADESH","KARIMNAGAR","71107","11954","16234","18452","70"
"1","INDIA","2","ANDHRA PRADESH","NIZAMABAD","110151","4404","9475","69867","25"
"1","INDIA","2","ANDHRA PRADESH","RANGA REDDY","92456","4287","11421","58753","22"
"1","INDIA","2","ANDHRA PRADESH","CHITTOOR","99454","838","6650","67213","19"
"1","INDIA","2","ANDHRA PRADESH","ANANTHAPUR","193906","8159","14703","62290","62"
"1","INDIA","2","ANDHRA PRADESH","MEDAK","162271","565","6003","88338","36"
"1","INDIA","3","ARUNACHAL PRADESH","TIRAP","11000","0","43","9855","0.02828"
"1","INDIA","3","ARUNACHAL PRADESH","CHANGLANG","28029","","59","25142","0.10109"
"1","INDIA","3","ARUNACHAL PRADESH","LOHIT","195360","","101","175717","0.00301"
"1","INDIA","3","ARUNACHAL PRADESH","ANJAW","0","0","0","0","0"
"1","INDIA","3","ARUNACHAL PRADESH","DIBANG VALLEY","0","0","0","0","0"
"1","INDIA","3","ARUNACHAL PRADESH","LOWER DIBANG VALLEY","101112","","104","90864","0.03681"
"1","INDIA","3","ARUNACHAL PRADESH","EAST SIANG","74147","44","45","66603","0.19196"
"1","INDIA","3","ARUNACHAL PRADESH","WEST SIANG","6099","0","18","5471","0"
"1","INDIA","3","ARUNACHAL PRADESH","UPPER SIANG","0","0","0","","0"
"1","INDIA","3","ARUNACHAL PRADESH","EAST KAMENG","16363","","71","14640","0.10186"
"1","INDIA","3","ARUNACHAL PRADESH","WEST KAMENG","2351","0","19","2097","0"
"1","INDIA","3","ARUNACHAL PRADESH","LOWER SUBANSIRI","2564","","91","2211","0.21669"
"1","INDIA","3","ARUNACHAL PRADESH","UPPER SUBANSIRI","333","0","0","299","0"
"1","INDIA","3","ARUNACHAL PRADESH","PAPUM-PARE","13368","56","73","11900","0.94339"
"1","INDIA","3","ARUNACHAL PRADESH","TAWANG","0","0","0","","0"
"1","INDIA","3","ARUNACHAL PRADESH","KURUNG KUMEY","0","0","0","0","0"
"1","INDIA","4","ASSAM","BARPETA","91228","3410","4509","41555","48"
"1","INDIA","4","ASSAM","BONGAIGAON","90411","1494","1903","66187","18"
"1","INDIA","4","ASSAM","CACHAR","87282","3578","4547","73996","5"
"1","INDIA","4","ASSAM","DARRANG","91241","1817","2357","60039","26"
"1","INDIA","4","ASSAM","DIBRUGARH","156329","2737","3108","123559","12"
"1","INDIA","4","ASSAM","DHEMAJI","185124","1380","1805","160665","3"
"1","INDIA","4","ASSAM","DHUBRI","126414","3940","5407","60431","46"
"1","INDIA","4","ASSAM","GOLAGHAT","140734","2135","2473","118974","6"
"1","INDIA","4","ASSAM","GOALPARA","115128","2057","2737","86366","16"
"1","INDIA","4","ASSAM","HAILAKANDI","26289","1323","1757","21903","6"
"1","INDIA","4","ASSAM","JORHAT","147998","2259","2457","124316","7"
"1","INDIA","4","ASSAM","KAMRUP","131808","3060","3735","90172","23"
"1","INDIA","4","ASSAM","KARBI ANALOG","37829","1959","2477","31465","6"
"1","INDIA","4","ASSAM","KOKRAJHAR","159585","1775","1888","137730","4"
"1","INDIA","4","ASSAM","KARIMGANJ","47269","2453","3212","39192","6"
"1","INDIA","4","ASSAM","LAKHIMPUR","130597","2096","2611","111177","5"
"1","INDIA","4","ASSAM","MORIGAON","72937","1924","2621","48429","25"
"1","INDIA","4","ASSAM","NAGAON","192694","5751","7598","132072","23"
"1","INDIA","4","ASSAM","N.C HILLS","3796","451","510","2906","13"
"1","INDIA","4","ASSAM","NALBARI","38507","1558","1795","20534","40"
"1","INDIA","4","ASSAM","SIBSAGAR","143125","2321","2595","119054","7"
"1","INDIA","4","ASSAM","SONITPUR","197363","3880","4741","166301","6"
"1","INDIA","4","ASSAM","TINSUKIA","167628","2725","3190","148357","7"
"1","INDIA","4","ASSAM","BAKSA","74809","1886","2206","63726","5"
"1","INDIA","4","ASSAM","KAMRUP","24589","2999","3246","17012","22"
"1","INDIA","4","ASSAM","UDALGURI","73279","1660","1889","63609","8"
"1","INDIA","4","ASSAM","CHIRANG","97662","967","1116","84472","4"
"1","INDIA","5","BIHAR","ARARIYA","89510","4786","6707","51681","34"
"1","INDIA","5","BIHAR","ARWAL","23083","1096","1639","10107","50"
"1","INDIA","5","BIHAR","AURANGABAD","103150","4264","6464","69825","24"
"1","INDIA","5","BIHAR","BANKA","47307","3167","4333","26078","37"
"1","INDIA","5","BIHAR","BEGUSARAI","67360","4745","7611","19944","62"
"1","INDIA","5","BIHAR","BHABUA","86816","2496","4005","52150","32"
"1","INDIA","5","BIHAR","BHAGALPUR","77204","5443","7665","44537","34"
"1","INDIA","5","BIHAR","BHOJPUR","85896","4587","6308","42281","45"
"1","INDIA","5","BIHAR","BUXAR","65109","2655","4100","36904","36"
"1","INDIA","5","BIHAR","DRABHANGA","64452","7631","12327","24367","52"
"1","INDIA","5","BIHAR","PURBA CHAMPARAN","141593","7304","11754","70709","42"
"1","INDIA","5","BIHAR","GAYA","116618","8183","12350","49073","49"
"1","INDIA","5","BIHAR","GOPALGANJ","68654","4326","5993","25196","58"
"1","INDIA","5","BIHAR","JAMUI","43614","2913","4452","23170","39"
"1","INDIA","5","BIHAR","JAHANABAD","33210","1931","2801","9805","65"
"1","INDIA","5","BIHAR","KATIHAR","99148","4685","7361","37670","55"
"1","INDIA","5","BIHAR","KHAGARIA","59709","2566","3959","28039","46"
"1","INDIA","5","BIHAR","KISHANGANJ","80628","2699","4015","50837","28"
"1","INDIA","5","BIHAR","LAKHISARAI","31150","1648","2100","15809","43"
"1","INDIA","5","BIHAR","MADHEPURA","58401","3205","4801","20988","57"
"1","INDIA","5","BIHAR","MADUBANI","112617","6823","10006","66345","34"
"1","INDIA","5","BIHAR","MUNGER","34362","2130","2888","21271","29"
"1","INDIA","5","BIHAR","MUZAFFARPUR","118906","7511","10732","45140","56"
"1","INDIA","5","BIHAR","NALANDA","73434","4592","5509","22041","66"
"1","INDIA","5","BIHAR","NAWADA","59417","3842","5807","28604","43"
"1","INDIA","5","BIHAR","PATNA","109459","9121","12836","40421","55"
"1","INDIA","5","BIHAR","PURNIA","97041","6167","8528","46317","47"
"1","INDIA","5","BIHAR","ROHTAS","123709","4908","7370","70678","35"
"1","INDIA","5","BIHAR","SAHARSA","60653","2963","4895","33140","38"
"1","INDIA","5","BIHAR","SAMASTIPUR","93865","6940","10833","37428","53"
"1","INDIA","5","BIHAR","SARAN","86237","6310","8923","32917","56"
"1","INDIA","5","BIHAR","SHEIKHPURA","18067","1126","1390","7405","54"
"1","INDIA","5","BIHAR","SHEOHAR","18553","1132","1910","6178","60"
"1","INDIA","5","BIHAR","SITAMARHI","83206","5521","8662","39023","46"
"1","INDIA","5","BIHAR","SIWAN","83349","5118","7402","28724","59"
"1","INDIA","5","BIHAR","SUPAUL","82032","3456","5391","45608","36"
"1","INDIA","5","BIHAR","VAISHALI","78027","5324","7421","28687","57"
"1","INDIA","5","BIHAR","PACHIM CHAMPARAN","157955","6285","9275","101339","27"
"1","INDIA","7","CHHATTISGARH","BASTAR","99098","3357","4121","80508","13"
"1","INDIA","7","CHHATTISGARH","BIJAPUR","81905","560","750","76276","2"
"1","INDIA","7","CHHATTISGARH","BILASPUR","64175","4526","6048","30530","47"
"1","INDIA","7","CHHATTISGARH","DANTEWARA","53793","1167","1468","46674","6"
"1","INDIA","7","CHHATTISGARH","DHAMTARI","49942","2915","3679","9254","78"
"1","INDIA","7","CHHATTISGARH","DURG","89707","7752","8890","24472","69"
"1","INDIA","7","CHHATTISGARH","JANJGIR_CHAMPA","39244","3350","4371","20459","42"
"1","INDIA","7","CHHATTISGARH","JASHPUR","50283","1890","2263","30548","35"
"1","INDIA","7","CHHATTISGARH","KANKER","90510","1641","2104","66978","21"
"1","INDIA","7","CHHATTISGARH","KAWARDHA","36589","1848","2184","11224","66"
"1","INDIA","7","CHHATTISGARH","KORBA","49107","4962","5676","30945","32"
"1","INDIA","7","CHHATTISGARH","KOREA","54264","1530","1960","39000","23"
"1","INDIA","7","CHHATTISGARH","MAHASAMUND","63413","4008","5066","30518","47"
"1","INDIA","7","CHHATTISGARH","NARAYANPUR","30292","461","640","27738","3"
"1","INDIA","7","CHHATTISGARH","RAIGARH","43164","3698","4616","18087","53"
"1","INDIA","7","CHHATTISGARH","RAIPUR","125934","10033","11065","64634","43"
"1","INDIA","7","CHHATTISGARH","RAJNANDGAON","46592","3384","3478","18084","58"
"1","INDIA","7","CHHATTISGARH","SURGUJA","173514","5235","7509","118049","27"
"1","INDIA","10","DELHI","CENTRAL DELHI","385","241","346","34","333"
"1","INDIA","10","DELHI","EAST DELHI","1283","1279","1421","3","487"
"1","INDIA","10","DELHI","NEW DELHI","798","95","160","24","266"
"1","INDIA","10","DELHI","NORTH DELHI","1556","830","906","401","290"
"1","INDIA","10","DELHI","NORTH EAST DELHI","1255","971","1135","0","509"
"1","INDIA","10","DELHI","NORTH WEST DELHI","8631","5733","5954","872","420"
"1","INDIA","10","DELHI","SOUTH DELHI","4581","6146","6399","0","564"
"1","INDIA","10","DELHI","SOUTH WEST DELHI","9752","6317","6109","0","509"
"1","INDIA","10","DELHI","WEST DELHI","2811","3578","3762","0","554"
"1","INDIA","11","GOA","NORTH GOA","14257","1750","2166","5610","30"
"1","INDIA","11","GOA","SOUTH GOA","9982","1359","1682","4079","26"
"1","INDIA","12","GUJARAT","AHMADABAD","61686","7203","9597","12740","78"
"1","INDIA","12","GUJARAT","AMRELI","80836","2637","3532","26488","64"
"1","INDIA","12","GUJARAT","ANAND","78879","5128","6875","33576","52"
"1","INDIA","12","GUJARAT","BANASKANTHA","115525","5696","7638","5917","107"
"1","INDIA","12","GUJARAT","BHARUCH","40916","2228","2978","19710","47"
"1","INDIA","12","GUJARAT","BHAVNAGAR","94280","5638","7561","30271","64"
"1","INDIA","12","GUJARAT","DANGS","9103","566","758","6988","17"
"1","INDIA","12","GUJARAT","DAHOD","37254","4395","5547","16588","50"
"1","INDIA","12","GUJARAT","GANDHINAGAR","48838","3112","4257","0","120"
"1","INDIA","12","GUJARAT","JAMNAGAR","90014","4500","6033","29068","64"
"1","INDIA","12","GUJARAT","JUNAGARH","137228","6869","9203","47807","62"
"1","INDIA","12","GUJARAT","KACHCHH","83811","4243","5694","15855","79"
"1","INDIA","12","GUJARAT","KHERA","78037","5866","7862","24805","64"
"1","INDIA","12","GUJARAT","MAHESANA","88025","5562","7455","423","116"
"1","INDIA","12","GUJARAT","NARMADA","22625","1554","2085","14583","30"
"1","INDIA","12","GUJARAT","NAVSARI","40546","2344","3117","19153","48"
"1","INDIA","12","GUJARAT","PANCHMAHAL","73939","5569","7007","39666","41"
"1","INDIA","12","GUJARAT","PATAN","28064","1921","2495","0","122"
"1","INDIA","12","GUJARAT","PORBANDAR","20743","835","1618","4809","72"
"1","INDIA","12","GUJARAT","RAJKOT","152825","7816","10344","47790","65"
"1","INDIA","12","GUJARAT","SABAR KANTHA","124881","5614","7738","30259","73"
"1","INDIA","12","GUJARAT","SURAT","85633","6315","8339","42816","45"
"1","INDIA","12","GUJARAT","SURENDRANAGAR","66303","2937","3936","24490","60"
"1","INDIA","12","GUJARAT","TAPI","35474","1397","1824","22243","33"
"1","INDIA","12","GUJARAT","VADODARA","125982","8129","10566","52515","54"
"1","INDIA","12","GUJARAT","VALSAD","35410","2669","3578","18541","42"
"1","INDIA","13","HARYANA","AMBALA","58101","7710","8954","5975","86"
"1","INDIA","13","HARYANA","PANCHKULA","14898","2790","4319","1135","81"
"1","INDIA","13","HARYANA","FATEHABAD","58879","1400","1809","-39477","174"
"1","INDIA","13","HARYANA","BHIWANI","68084","758","832","-9571","115"
"1","INDIA","13","HARYANA","HISAR","68918","452","565","3914","94"
"1","INDIA","13","HARYANA","GURGAON","26720","18152","18152","-30370","226"
"1","INDIA","13","HARYANA","MEWAT","24308","1190","1755","3023","84"
"1","INDIA","13","HARYANA","FARIDABAD","21738","2232","2733","4140","76"
"1","INDIA","13","HARYANA","PALWAL","46204","999","1310","1000","97"
"1","INDIA","13","HARYANA","JHAJJAR","45307","291","339","131","100"
"1","INDIA","13","HARYANA","JIND","93541","3717","3812","-10099","112"
"1","INDIA","13","HARYANA","KAITHAL","58702","6241","6241","-61048","214"
"1","INDIA","13","HARYANA","KARNAL","90243","1244","1244","-39660","148"
"1","INDIA","13","HARYANA","KURUKSHETRA","38371","6737","6737","-42503","220"
"1","INDIA","13","HARYANA","MAHENDRAGARH","24480","421","470","-496","102"
"1","INDIA","13","HARYANA","PANIPAT","34539","496","496","-19557","163"
"1","INDIA","13","HARYANA","REWARI","31546","116","126","-3733","113"
"1","INDIA","13","HARYANA","ROHTAK","47964","100","117","13166","70"
"1","INDIA","13","HARYANA","SIRSA","85946","776","776","-58867","176"
"1","INDIA","13","HARYANA","SONIPAT","85553","4630","4639","-30258","139"
"1","INDIA","13","HARYANA","YAMUNANAGAR","53821","10215","10499","-18492","138"
"1","INDIA","14","HIMACHAL PRADESH","INDAURA VALLEY","10566.99","1492.35","1492.35","4774.92","52"
"1","INDIA","14","HIMACHAL PRADESH","NURPUR VALLEY","7405.67","1511.33","1511.33","4013.86","43"
"1","INDIA","14","HIMACHAL PRADESH","BALH VALLEY","2974.31","659.04","659.04","1912.82","32"
"1","INDIA","14","HIMACHAL PRADESH","PAONTA VALLEY","8108.39","858.44","858.44","5528.51","28"
"1","INDIA","14","HIMACHAL PRADESH","KALA AMB VALLEY","101.66","494.51","494.51","-448.74","565"
"1","INDIA","14","HIMACHAL PRADESH","NALAGARH VALLEY","8359.85","2113.39","2113.39","3609.55","55"
"1","INDIA","14","HIMACHAL PRADESH","UNA","17792.75","5485.88","5485.88","-4063.17","124"
"1","INDIA","14","HIMACHAL PRADESH","HUM VALLEY","593.11","106.9","125.36","-16.05","100"
"1","INDIA","15","JAMMU AND KASHMIR","JAMMU","130102","8503","9162","94937","18"
"1","INDIA","15","JAMMU AND KASHMIR","KATHUA","53671","3127","3793","39043","18"
"1","INDIA","15","JAMMU AND KASHMIR","SRINAGAR","16612","9328","12304","2147","66"
"1","INDIA","15","JAMMU AND KASHMIR","ANANTNAG","51009","5014","6447","39392","11"
"1","INDIA","15","JAMMU AND KASHMIR","BARAMULA","51770","4071","4959","41233","10"
"1","INDIA","15","JAMMU AND KASHMIR","BADGAM","29632","7088","8519","18088","27"
"1","INDIA","15","JAMMU AND KASHMIR","PULWAMA","30893","7922","10318","17395","29"
"1","INDIA","15","JAMMU AND KASHMIR","KUPWARA","21055","4858","6607","12318","26"
"1","INDIA","15","JAMMU AND KASHMIR","UDHAMPUR","6483","2785","3045","2775","48"
"1","INDIA","15","JAMMU AND KASHMIR","RAJAURI","11800","3102","4063","6326","31"
"1","INDIA","15","JAMMU AND KASHMIR","PUNCH","10434","3762","4910","4476","40"
"1","INDIA","15","JAMMU AND KASHMIR","DODA","5972","1043","1715","3654","20"
"1","INDIA","15","JAMMU AND KASHMIR","KARGIL","1583","132","167","1259","9"
"1","INDIA","15","JAMMU AND KASHMIR","LEH AND LADAKH","4104","40","55","3627","1"
"1","INDIA","16","JHARKHAND","BOKARO","24886","2474","3575","14018","34"
"1","INDIA","16","JHARKHAND","CHATRA","30959","1374","2262","17623","36"
"1","INDIA","16","JHARKHAND","DEVGARH","25668","2754","4783","13423","35"
"1","INDIA","16","JHARKHAND","DHANBAD","16378","4623","5780","5449","56"
"1","INDIA","16","JHARKHAND","DUMKA","30212","1948","2509","19047","28"
"1","INDIA","16","JHARKHAND","PURBI SINGHBHUM","32101","3467","3837","22125","23"
"1","INDIA","16","JHARKHAND","GARHWA","33768","2027","2925","18839","36"
"1","INDIA","16","JHARKHAND","GIRIDIH","47055","3913","5245","26142","37"
"1","INDIA","16","JHARKHAND","GOODA","15487","2052","2414","7488","45"
"1","INDIA","16","JHARKHAND","GUMLA","42754","1622","2176","27208","28"
"1","INDIA","16","JHARKHAND","HAZARIBAGH","37404","3378","4556","18673","42"
"1","INDIA","16","JHARKHAND","JAMTARA","17888","1401","1888","11251","28"
"1","INDIA","16","JHARKHAND","KHUNTI","16786","724","1166","10213","29"
"1","INDIA","16","JHARKHAND","KODARMA","8182","885","1286","4468","36"
"1","INDIA","16","JHARKHAND","LATEHAR","26703","1006","1520","17325","28"
"1","INDIA","16","JHARKHAND","LOHARDAGA","11176","627","948","5612","41"
"1","INDIA","16","JHARKHAND","PAKUR","15188","1255","1897","11101","15"
"1","INDIA","16","JHARKHAND","PALAMU","39242","2654","3855","22188","34"
"1","INDIA","16","JHARKHAND","RAMGARH","13854","1806","1867","7531","40"
"1","INDIA","16","JHARKHAND","RANCHI","40212","5982","8718","16465","48"
"1","INDIA","16","JHARKHAND","SAHEBGANJ","14535","2113","3159","9112","23"
"1","INDIA","16","JHARKHAND","SARAIKELA","21443","2640","3308","15467","17"
"1","INDIA","16","JHARKHAND","SIMDEGA","30693","1086","1630","19178","29"
"1","INDIA","16","JHARKHAND","PASCHIM SINGHBHUMI","38136","3064","4563","29114","12"
"1","INDIA","17","KARNATAKA","BAGALKOT","43208","3028","3838","10795","91"
"1","INDIA","17","KARNATAKA","BANGALORE RURAL","21391","3239","3240","107","127"
"1","INDIA","17","KARNATAKA","BANGLORE URBAN","13417","5749","5749","0","141"
"1","INDIA","17","KARNATAKA","BELGAUM","114125","6337","8000","31892","78"
"1","INDIA","17","KARNATAKA","BELLARY","72946","3072","4871","37877","42"
"1","INDIA","17","KARNATAKA","BIDAR","32722","1766","2348","13719","57"
"1","INDIA","17","KARNATAKA","BIJAPUR","51446","5006","6070","16071","75"
"1","INDIA","17","KARNATAKA","CHAMARAJANAGAR","37785","1446","1910","10017","80"
"1","INDIA","17","KARNATAKA","CHIKBALLAPUR","32703","2705","2735","1591","145"
"1","INDIA","17","KARNATAKA","CHIKMAGALUR","68630","2235","2604","32580","43"
"1","INDIA","17","KARNATAKA","CHITRADURGA","54852","2941","3557","5998","102"
"1","INDIA","17","KARNATAKA","DAKSHIN KANNADA","51579","2958","3471","10614","69"
"1","INDIA","17","KARNATAKA","DAVANGERE","61215","2800","4236","11840","89"
"1","INDIA","17","KARNATAKA","DHARWAD","27151","917","1524","8549","59"
"1","INDIA","17","KARNATAKA","GADAG","27127","1577","2011","5581","89"
"1","INDIA","17","KARNATAKA","GULBARGA","69295","3374","4609","42025","32"
"1","INDIA","17","KARNATAKA","HASSAN","82020","2347","3486","38414","55"
"1","INDIA","17","KARNATAKA","HAVERI","58188","2680","3734","18465","64"
"1","INDIA","17","KARNATAKA","KODAGU","32328","433","617","21373","21"
"1","INDIA","17","KARNATAKA","KOLAR","33889","1757","1757","0","187"
"1","INDIA","17","KARNATAKA","KOPPAL","60093","1590","2533","31181","43"
"1","INDIA","17","KARNATAKA","MANDHYA","104395","2043","3470","52536","47"
"1","INDIA","17","KARNATAKA","MYSORE","63391","2043","3634","32178","43"
"1","INDIA","17","KARNATAKA","RAICHUR","92116","2207","3483","57628","31"
"1","INDIA","17","KARNATAKA","RAMNAGAR","24087","4527","4779","749","108"
"1","INDIA","17","KARNATAKA","SHIMOGA","108216","1962","2856","66378","27"
"1","INDIA","17","KARNATAKA","TUMKUR","85428","4488","6596","15495","100"
"1","INDIA","17","KARNATAKA","UDUPI","53834","2393","2888","20241","37"
"1","INDIA","17","KARNATAKA","UTTAR KANNADA","83421","2752","3256","32780","37"
"1","INDIA","17","KARNATAKA","YADGIR","41666","1607","2499","26500","28"
"1","INDIA","18","KERALA","ALAPPUZHA","48646","10040","10372","31927","29"
"1","INDIA","18","KERALA","ERNAKULAM","64499","13931","15296","32722","42"
"1","INDIA","18","KERALA","IDUKKI","21838","5496","5985","10796","43"
"1","INDIA","18","KERALA","KANNUR","53232","10939","11932","25137","46"
"1","INDIA","18","KERALA","KASARGOD","36544","6775","7798","8387","71"
"1","INDIA","18","KERALA","KOLLAM","46756","11933","13016","25190","38"
"1","INDIA","18","KERALA","KOTTYAM","49182","9214","10704","30375","29"
"1","INDIA","18","KERALA","KOZIKOD","37904","14024","15793","13469","56"
"1","INDIA","18","KERALA","MALAPPURAM","54531","20235","24392","16996","57"
"1","INDIA","18","KERALA","PALAKKAD","85814","13151","14197","28894","62"
"1","INDIA","18","KERALA","PATTANAMITTIA","27918","6004","6304","15534","37"
"1","INDIA","18","KERALA","THIRUVANANTHPURAM","35596","13316","14699","14187","53"
"1","INDIA","18","KERALA","TRISHUR","75505","13720","15216","30769","53"
"1","INDIA","18","KERALA","WAYANAD","30675","4319","4816","22139","18"
"1","INDIA","20","MADHYA PRADESH","ALIRAJPUR","21648","2162","2951","13813","29"
"1","INDIA","20","MADHYA PRADESH","ANUPPUR","40163","1162","1399","35738","6"
"1","INDIA","20","MADHYA PRADESH","ASHOKNAGAR","44168","1588","2414","20806","48"
"1","INDIA","20","MADHYA PRADESH","BALAGHAT","95825","3107","4114","77299","14"
"1","INDIA","20","MADHYA PRADESH","BARWANI","43475","3019","5004","9496","72"
"1","INDIA","20","MADHYA PRADESH","BETUL","119956","3594","4813","53580","52"
"1","INDIA","20","MADHYA PRADESH","BHIND","65972","2764","3718","36323","41"
"1","INDIA","20","MADHYA PRADESH","BHOPAL","39227","2356","3211","8336","75"
"1","INDIA","20","MADHYA PRADESH","BURHANPUR","34077","1147","1422","7446","76"
"1","INDIA","20","MADHYA PRADESH","CHHATARPUR","78778","2761","4012","23318","67"
"1","INDIA","20","MADHYA PRADESH","CHHINDWARA","139607","5274","7194","60477","53"
"1","INDIA","20","MADHYA PRADESH","DAMOH","42217","2113","3761","13484","62"
"1","INDIA","20","MADHYA PRADESH","DATIA","34756","1248","1928","16492","48"
"1","INDIA","20","MADHYA PRADESH","DEWAS","87646","2623","3582","14159","82"
"1","INDIA","20","MADHYA PRADESH","DHAR","103017","5005","6769","15840","82"
"1","INDIA","20","MADHYA PRADESH","DINDORI","44853","1384","1714","39040","8"
"1","INDIA","20","MADHYA PRADESH","GUNA","78949","2665","3389","32923","55"
"1","INDIA","20","MADHYA PRADESH","GWALIOR","52828","1979","3815","26662","43"
"1","INDIA","20","MADHYA PRADESH","HARDA","53712","976","1330","35966","29"
"1","INDIA","20","MADHYA PRADESH","HOSHANGABAD","213837","2933","4348","163745","19"
"1","INDIA","20","MADHYA PRADESH","INDORE","60089","3369","4183","-12207","120"
"1","INDIA","20","MADHYA PRADESH","JABALPUR","62238","3141","5083","28054","49"
"1","INDIA","20","MADHYA PRADESH","JHABUA","23214","2366","3142","11254","45"
"1","INDIA","20","MADHYA PRADESH","KATNI","41068","2549","3893","21717","41"
"1","INDIA","20","MADHYA PRADESH","KHANDWA","83818","2862","4793","27936","62"
"1","INDIA","20","MADHYA PRADESH","KHARGONE","79640","3467","5062","17425","75"
"1","INDIA","20","MADHYA PRADESH","MANDLA","58603","2248","3200","46255","15"
"1","INDIA","20","MADHYA PRADESH","MANDSAUR","60232","3229","3219","2029","96"
"1","INDIA","20","MADHYA PRADESH","MORENA","64089","4289","7209","33053","41"
"1","INDIA","20","MADHYA PRADESH","NARSHIMAPURA","122679","2168","2708","27907","76"
"1","INDIA","20","MADHYA PRADESH","NIMACH","42795","1749","1973","6588","83"
"1","INDIA","20","MADHYA PRADESH","PANNA","54629","2101","2925","37441","26"
"1","INDIA","20","MADHYA PRADESH","RAISEN","95013","3168","4393","48775","45"
"1","INDIA","20","MADHYA PRADESH","RAJGARH","91148","3457","4291","14004","83"
"1","INDIA","20","MADHYA PRADESH","RATLAM","77565","2382","2781","-19312","126"
"1","INDIA","20","MADHYA PRADESH","REWA","49413","4609","5970","20402","54"
"1","INDIA","20","MADHYA PRADESH","SAGAR","129102","2418","4642","48012","59"
"1","INDIA","20","MADHYA PRADESH","SATNA","57012","5167","5867","13254","74"
"1","INDIA","20","MADHYA PRADESH","SEHORE","78947","2585","5787","14106","77"
"1","INDIA","20","MADHYA PRADESH","SEONI","74706","3029","4412","49055","29"
"1","INDIA","20","MADHYA PRADESH","SHAHDOL","67862","1928","2679","59485","7"
"1","INDIA","20","MADHYA PRADESH","SHAJAPUR","104108","3583","3972","1691","98"
"1","INDIA","20","MADHYA PRADESH","SHEOPUR","44606","1274","1690","26467","37"
"1","INDIA","20","MADHYA PRADESH","SHIVPURI","78621","3226","4152","22621","68"
"1","INDIA","20","MADHYA PRADESH","SIDHI","35995","2433","3576","19914","38"
"1","INDIA","20","MADHYA PRADESH","SINGRAULI","37558","2257","3608","23517","30"
"1","INDIA","20","MADHYA PRADESH","TIKAMGARH","58602","2348","3813","14032","72"
"1","INDIA","20","MADHYA PRADESH","UJJAIN","95883","3141","3935","3594","95"
"1","INDIA","20","MADHYA PRADESH","UMARIA","46386","1277","1873","38534","11"
"1","INDIA","20","MADHYA PRADESH","VIDESHA","93731","3585","5004","39498","54"
"1","INDIA","21","MAHARASHTRA","AHMADNAGAR","196457","3403","6057","40936","82"
"1","INDIA","21","MAHARASHTRA","AKOLA","42302","1197","2394","20800","45"
"1","INDIA","21","MAHARASHTRA","AMARAVATI","94987","2865","5055","30342","68"
"1","INDIA","21","MAHARASHTRA","AURANGABAD","119680","3257","6392","29074","72"
"1","INDIA","21","MAHARASHTRA","BID","142047","4761","9521","61110","51"
"1","INDIA","21","MAHARASHTRA","BHANDARA","54620","2316","4628","32106","33"
"1","INDIA","21","MAHARASHTRA","BULDHANA","99839","2798","5392","27268","70"
"1","INDIA","21","MAHARASHTRA","CHANDRAPUR","109415","7172","14344","79764","16"
"1","INDIA","21","MAHARASHTRA","DHULE","74538","1784","3517","32093","52"
"1","INDIA","21","MAHARASHTRA","GADCHIROLI","96381","2674","5343","65994","25"
"1","INDIA","21","MAHARASHTRA","GONDIYA","64457","3397","6793","45030","20"
"1","INDIA","21","MAHARASHTRA","HINGOLI","107779","1804","3607","62412","37"
"1","INDIA","21","MAHARASHTRA","JALGAON","143453","6226","9798","29948","81"
"1","INDIA","21","MAHARASHTRA","JALNA","95760","1295","2571","41081","53"
"1","INDIA","21","MAHARASHTRA","KOLHAPUR","124112","1326","2653","68327","41"
"1","INDIA","21","MAHARASHTRA","LATUR","75868","2065","3801","18144","75"
"1","INDIA","21","MAHARASHTRA","NAGPUR","113290","4801","9430","46429","52"
"1","INDIA","21","MAHARASHTRA","NANDED","141577","3046","6092","84990","35"
"1","INDIA","21","MAHARASHTRA","NANDURBAR","51437","2373","4745","21747","50"
"1","INDIA","21","MAHARASHTRA","NASIK","202424","3519","6545","82051","58"
"1","INDIA","21","MAHARASHTRA","OSMANABAD","106673","1872","3628","26931","72"
"1","INDIA","21","MAHARASHTRA","PARBHANI","96900","1847","3673","48758","45"
"1","INDIA","21","MAHARASHTRA","PUNE","182927","7067","12837","45714","73"
"1","INDIA","21","MAHARASHTRA","RAIGARH","62600","2094","4188","49442","13"
"1","INDIA","21","MAHARASHTRA","RATNAGIRI","48084","1231","2462","39222","11"
"1","INDIA","21","MAHARASHTRA","SANGLI","95405","2803","5000","15871","83"
"1","INDIA","21","MAHARASHTRA","SATARA","108869","4946","9564","23668","73"
"1","INDIA","21","MAHARASHTRA","SINDHUDURG","27619","1963","3927","14541","37"
"1","INDIA","21","MAHARASHTRA","SOLAPUR","167751","4952","9116","39527","77"
"1","INDIA","21","MAHARASHTRA","THANE","61659","1255","2510","49281","13"
"1","INDIA","21","MAHARASHTRA","WARDHA","87179","3504","7008","41019","46"
"1","INDIA","21","MAHARASHTRA","WASHIM","59336","1575","3149","32936","38"
"1","INDIA","21","MAHARASHTRA","YAVATMAL","139315","5746","11492","101013","19"
"1","INDIA","22","MANIPUR","IMPHAL WEST","8591.06","30","1274.98","6351.97","2.69"
"1","INDIA","22","MANIPUR","IMPHAL EAST","12771.88","9","1163.74","10297.94","0.66"
"1","INDIA","22","MANIPUR","THOUBAL","5463.73","6","700.75","4183.61","0.8"
"1","INDIA","22","MANIPUR","KAKCHING BLOCK","5728.74","5","413.2","4685.67","1.21"
"1","INDIA","22","MANIPUR","BISHNUPUR","7935.81","10","606.936","6505.29","0.56"
"1","INDIA","22","MANIPUR","CHURACHANDPUR","3520.12","10","449","2644.11","2.69"
"1","INDIA","23","MEGHALAYA","EAST KHASI HILLS","37263","6","3576","29961","0.018"
"1","INDIA","23","MEGHALAYA","WEST GARO HILLS","54343","3.55","5799","42959","0.314"
"1","INDIA","23","MEGHALAYA","EAST GARO HILLS","39932","1.76","2845","33094","0.005"
"1","INDIA","23","MEGHALAYA","JAINTIA HILLS","32783","1.98","3672","25832","0.007"
"1","INDIA","23","MEGHALAYA","WEST KHASI HILLS","6264","2.03","3575","2063","0.036"
"1","INDIA","23","MEGHALAYA","RI BHOI","5716","1.25","2465","2680","0.024"
"1","INDIA","23","MEGHALAYA","SOUTH GARO HILLS","1748","0.67","1312","261","0.043"
"1","INDIA","24","MIZORAM","AIZAWL","311","21","83","198","7.46"
"1","INDIA","24","MIZORAM","CHAMPHAI","696","16","23","603","2.54"
"1","INDIA","24","MIZORAM","KOLASIB","424","8","17","364","2.07"
"1","INDIA","24","MIZORAM","LAWNGTLAI","579","9","28","493","1.64"
"1","INDIA","24","MIZORAM","LUNGLEI","218","23","27","169","11.93"
"1","INDIA","24","MIZORAM","MAMIT","325","7","21","272","2.41"
"1","INDIA","24","MIZORAM","SAIHA","273","3","11","235","1.06"
"1","INDIA","24","MIZORAM","SERCHHIP","210","10","12","177","5.29"
"1","INDIA","25","NAGALAND","KOHIMA","4866","566","779","3601","12.9"
"1","INDIA","25","NAGALAND","DIMAPUR","24876","851","1180","21209","3.8"
"1","INDIA","25","NAGALAND","PHEK","3495","239","277","2868","7.6"
"1","INDIA","25","NAGALAND","MOKOKCHUNG","6291","286","287","5375","5.1"
"1","INDIA","25","NAGALAND","ZUNHEBOTO","2492","206","207","2036","9.2"
"1","INDIA","25","NAGALAND","WOKHA","5201","243","255","4426","5.2"
"1","INDIA","25","NAGALAND","TUENSANG","11556","642","699","9701","6.2"
"1","INDIA","25","NAGALAND","MON","2814","366","368","2165","14.5"
"1","INDIA","26","ORISSA","ANUGUL","48830","3493","4509","29180","34"
"1","INDIA","26","ORISSA","BALESHWAR","116485","5742","8401","49467","53"
"1","INDIA","26","ORISSA","BARAGARH","48837","3293","3797","33650","26"
"1","INDIA","26","ORISSA","BHADRAK","48216","2663","3418","17996","59"
"1","INDIA","26","ORISSA","BALANGIR","60794","3091","3421","44191","23"
"1","INDIA","26","ORISSA","BAUDA","29900","910","1265","21876","20"
"1","INDIA","26","ORISSA","CUTTACK","75717","6089","7620","42322","38"
"1","INDIA","26","ORISSA","DEOGARH","22173","664","949","17023","16"
"1","INDIA","26","ORISSA","DHENKANAL","46872","2797","3340","32200","26"
"1","INDIA","26","ORISSA","GAJAPATHI","24009","1140","1302","16286","27"
"1","INDIA","26","ORISSA","GANJAM","123070","7334","9475","77558","30"
"1","INDIA","26","ORISSA","JAGATSINGHAPUR","48683","1970","2463","21332","52"
"1","INDIA","26","ORISSA","JAJAPUR","60404","2190","2999","28419","49"
"1","INDIA","26","ORISSA","JHARSUGUDA","17777","1563","1757","11444","31"
"1","INDIA","26","ORISSA","KALAHANDI","79985","4312","9644","54648","20"
"1","INDIA","26","ORISSA","KANDHAMAL","74331","1776","2530","60665","13"
"1","INDIA","26","ORISSA","KENDRAPARHA","17705","673","830","7034","57"
"1","INDIA","26","ORISSA","KENDUJHAR","86097","4395","4787","57642","29"
"1","INDIA","26","ORISSA","KHORDHA","50787","5227","7673","29467","33"
"1","INDIA","26","ORISSA","KORAPUT","73618","3409","3905","61850","10"
"1","INDIA","26","ORISSA","MALKANGIRI","35891","1330","1853","29887","9"
"1","INDIA","26","ORISSA","MAYURBHANJ","158554","6469","8384","102538","30"
"1","INDIA","26","ORISSA","NABARANGAPUR","53198","2986","6630","39242","15"
"1","INDIA","26","ORISSA","NAYAGARH","45559","2056","2489","31900","24"
"1","INDIA","26","ORISSA","NUAPARHA","35918","1522","3262","24913","21"
"1","INDIA","26","ORISSA","PURI","62895","3259","4136","45631","21"
"1","INDIA","26","ORISSA","RAYAGARHA","70143","2774","3161","55576","15"
"1","INDIA","26","ORISSA","SAMBALPUR","56484","2594","3181","43398","16"
"1","INDIA","26","ORISSA","SUBARNAPUR","22647","1273","1606","16853","20"
"1","INDIA","26","ORISSA","SUNDARGARH","82100","4628","5389","59465","22"
"1","INDIA","28","PUNJAB","AMRITSAR","137072","5008","7810","-101596","180"
"1","INDIA","28","PUNJAB","BARNALA","65488","1254","1839","-61778","204"
"1","INDIA","28","PUNJAB","BATHINDA","111138","3005","4500","-21266","119"
"1","INDIA","28","PUNJAB","FARIDKOT","67846","1943","1943","-36485","160"
"1","INDIA","28","PUNJAB","FATEHGARH SAHIB","59910","2076","2702","-59963","210"
"1","INDIA","28","PUNJAB","FIROZPUR","210614","3375","4989","-91013","147"
"1","INDIA","28","PUNJAB","GURDASPUR","196232","6637","9313","-51433","127"
"1","INDIA","28","PUNJAB","HOSHIARPUR","98525","4917","6248","-3522","102"
"1","INDIA","28","PUNJAB","JALANDHAR","130529","4729","6813","-156339","231"
"1","INDIA","28","PUNJAB","KAPURTHALA","73355","3900","4693","-89261","234"
"1","INDIA","28","PUNJAB","LUDHIANA","231265","11229","16442","-145131","167"
"1","INDIA","28","PUNJAB","MANSA","77386","13","13","-75107","208"
"1","INDIA","28","PUNJAB","MOGA","133969","1802","2378","-123953","202"
"1","INDIA","28","PUNJAB","MUKTSAR","86571","2460","2460","23829","69"
"1","INDIA","28","PUNJAB","NAWASHAHR","69718","1515","1887","-9883","115"
"1","INDIA","28","PUNJAB","PATIALA","166056","4348","6675","-145855","196"
"1","INDIA","28","PUNJAB","ROPAR","45623","2384","3191","-5136","110"
"1","INDIA","28","PUNJAB","SAS NAGAR","30538","4618","5535","-1626","103"
"1","INDIA","28","PUNJAB","SANGRUR","145057","3031","4445","-240290","283"
"1","INDIA","28","PUNJAB","TARN TARAN","116002","2664","4217","-87381","182"
"1","INDIA","29","RAJASTHAN","AJMER","35511","4691","4691","0","144"
"1","INDIA","29","RAJASTHAN","ALWAR","79551","9566","9595","399","179"
"1","INDIA","29","RAJASTHAN","BANSWARA","25761","1961","2853","10982","49"
"1","INDIA","29","RAJASTHAN","BARAN","51967","3938","4475","5562","120"
"1","INDIA","29","RAJASTHAN","BARMER","27253","6766","6847","2117","124"
"1","INDIA","29","RAJASTHAN","BHARATPUR","49250","6378","6569","396","116"
"1","INDIA","29","RAJASTHAN","BHILWARA","46431","3980","3980","0","129"
"1","INDIA","29","RAJASTHAN","BIKANER","25265","8374","9033","4011","143"
"1","INDIA","29","RAJASTHAN","BUNDI","42265","2711","3472","5328","100"
"1","INDIA","29","RAJASTHAN","CHITTAURGARH","35276","1379","1379","0","140"
"1","INDIA","29","RAJASTHAN","CHURU","14101","2408","4398","3096","88"
"1","INDIA","29","RAJASTHAN","DAUSA","26373","2487","2487","0","170"
"1","INDIA","29","RAJASTHAN","DHOLPUR","28312","2526","2576","1596","128"
"1","INDIA","29","RAJASTHAN","DUNGARPUR","14103","882","4416","0","72"
"1","INDIA","29","RAJASTHAN","GANGANAGAR","40798","545","1033","20068","44"
"1","INDIA","29","RAJASTHAN","HANUMANGARH","22649","705","1107","3561","81"
"1","INDIA","29","RAJASTHAN","JAIPUR","71238","25686","25733","979","207"
"1","INDIA","29","RAJASTHAN","JAISELMER","6792","2893","2961","1874","199"
"1","INDIA","29","RAJASTHAN","JALOR","46285","4090","4191","969","194"
"1","INDIA","29","RAJASTHAN","JHALAWAR","44171","1583","1940","479","119"
"1","INDIA","29","RAJASTHAN","JHUNJHUNUN","26350","8571","8604","330","226"
"1","INDIA","29","RAJASTHAN","JODHPUR","42952","10415","11303","4761","216"
"1","INDIA","29","RAJASTHAN","KARAULI","37313","5064","4984","1239","137"
"1","INDIA","29","RAJASTHAN","KOTA","56689","4891","6251","7776","92"
"1","INDIA","29","RAJASTHAN","NAGAUR","58075","17893","18953","4120","189"
"1","INDIA","29","RAJASTHAN","PALI","32859","2747","3048","959","115"
"1","INDIA","29","RAJASTHAN","PRATAPGARH","15521","597","982","399","124"
"1","INDIA","29","RAJASTHAN","RAJSMAND","11873","1525","1525","63","110"
"1","INDIA","29","RAJASTHAN","SWAIMADHOPUR","39636","7947","8375","209","126"
"1","INDIA","29","RAJASTHAN","SIKAR","32148","5842","6238","972","147"
"1","INDIA","29","RAJASTHAN","SIROHI","30338","1108","1484","1126","113"
"1","INDIA","29","RAJASTHAN","TONK","48353","7635","9104","1841","99"
"1","INDIA","29","RAJASTHAN","UDAIPUR","28685","3195","3946","450","103"
"1","INDIA","30","SIKKIM","NORTH DELHI","","62","67","142","38"
"1","INDIA","30","SIKKIM","SOUTH DELHI","","210","247","1001","22"
"1","INDIA","30","SIKKIM","EAST DELHI","","400","489","216","61"
"1","INDIA","30","SIKKIM","WEST DELHI","","189","219","1763","13"
"1","INDIA","31","TAMIL NADU","ARIYALUR","34996","2359","2506","15198","51"
"1","INDIA","31","TAMIL NADU","CHENNAI","3007","6125","6961","-4255","226"
"1","INDIA","31","TAMIL NADU","COIMBATORE","48757","5695","5338","-6376","115"
"1","INDIA","31","TAMIL NADU","CUDDALORE","137454","56774","57188","16619","86"
"1","INDIA","31","TAMIL NADU","DHARAMPURI","41760","1931","2191","-12406","132"
"1","INDIA","31","TAMIL NADU","DINDIGUL","59617","2408","2745","-10356","119"
"1","INDIA","31","TAMIL NADU","ERODE","77336","6512","6986","3961","94"
"1","INDIA","31","TAMIL NADU","KANCHIPURAM","117250","5579","8940","32746","66"
"1","INDIA","31","TAMIL NADU","KANYAKUMARI","33829","1486","1623","24566","19"
"1","INDIA","31","TAMIL NADU","KARUR","35914","1942","2207","2194","92"
"1","INDIA","31","TAMIL NADU","KRISHNAGIRI","39437","1954","2782","-12478","133"
"1","INDIA","31","TAMIL NADU","MADURAI","73186","1615","1836","27620","58"
"1","INDIA","31","TAMIL NADU","NAGAPATTINAM","17684","1121","1274","-525","102"
"1","INDIA","31","TAMIL NADU","NAMAKKAL","54637","2421","1915","5695","89"
"1","INDIA","31","TAMIL NADU","NILGIRI","13216","587","625","10724","10"
"1","INDIA","31","TAMIL NADU","PERAMBALUR","23069","1024","1118","-7408","135"
"1","INDIA","31","TAMIL NADU","PUDUKKOTTAI","159009","2299","2427","111542","22"
"1","INDIA","31","TAMIL NADU","RAMANATHAPURAM","75854","3115","3540","59872","12"
"1","INDIA","31","TAMIL NADU","SALEM","58174","5105","2866","-31037","164"
"1","INDIA","31","TAMIL NADU","SIVAGANGA","109543","1596","1782","82687","16"
"1","INDIA","31","TAMIL NADU","THANJAVUR","87673","2421","2752","-3358","104"
"1","INDIA","31","TAMIL NADU","TENI","39686","1973","2104","4809","86"
"1","INDIA","31","TAMIL NADU","TIRUVALLUR","80933","20485","21133","22902","68"
"1","INDIA","31","TAMIL NADU","THOOTHUKUDI","60507","4030","4565","30385","43"
"1","INDIA","31","TAMIL NADU","TIRUNELVELI","98702","2941","3262","36849","58"
"1","INDIA","31","TAMIL NADU","TIRUPPUR","49250","3801","3676","-11799","127"
"1","INDIA","31","TAMIL NADU","THIRUVARUR","33311","1343","1527","8376","71"
"1","INDIA","31","TAMIL NADU","TIRUVANNAMALAI","121482","4444","4972","16369","85"
"1","INDIA","31","TAMIL NADU","TIRUCHIRAPPALLI","80622","7339","2727","20056","79"
"1","INDIA","31","TAMIL NADU","VELLORE","65867","8311","9304","-3857","105"
"1","INDIA","31","TAMIL NADU","VILLUPURAM","166475","5691","6453","-4869","103"
"1","INDIA","31","TAMIL NADU","VIRUDHUNAGAR","55021","1950","2481","14802","69"
"1","INDIA","33","TRIPURA","WEST TRIPURA","95781","3104","8463","72100","12"
"1","INDIA","33","TRIPURA","SOUTH TRIPURA","75840","1725","5622","61211","5"
"1","INDIA","33","TRIPURA","NORTH TRIPURA","45653","1366","4073","37792","4"
"1","INDIA","33","TRIPURA","DHALAI","41390","745","1800","35421","2"
"1","INDIA","35","UTTARPRADESH","AGRA","90549","5693","9317","5192","114"
"1","INDIA","35","UTTARPRADESH","ALIGARH","95916","5920","9842","12409","82"
"1","INDIA","35","UTTARPRADESH","ALLAHABAD","123848","11320","15587","21956","81"
"1","INDIA","35","UTTARPRADESH","AMBEDKARNAGAR","108410","5016","7932","41479","57"
"1","INDIA","35","UTTARPRADESH","AMETHI","111360","5286","8841","28220","68"
"1","INDIA","35","UTTARPRADESH","JYOTIBAPHULE NAGAR","73944","2878","5033","4314","108"
"1","INDIA","35","UTTARPRADESH","AURAIYA","67624","2777","3954","18817","69"
"1","INDIA","35","UTTARPRADESH","AZAMGARH","139854","13186","23148","37525","65"
"1","INDIA","35","UTTARPRADESH","BAGHPAT","49050","2199","3598","934","98"
"1","INDIA","35","UTTARPRADESH","BAHRAICH","117793","6798","12951","42159","55"
"1","INDIA","35","UTTARPRADESH","BALLIA","93634","6739","10707","26062","66"
"1","INDIA","35","UTTARPRADESH","BALRAMPUR","89359","4219","5583","41232","50"
"1","INDIA","35","UTTARPRADESH","BANDA","71491","2804","3926","29526","55"
"1","INDIA","35","UTTARPRADESH","BARABANKI","218560","7211","10714","70599","64"
"1","INDIA","35","UTTARPRADESH","BAREILLY","190467","6785","10476","66853","60"
"1","INDIA","35","UTTARPRADESH","BASTI","110557","4831","7291","19209","79"
"1","INDIA","35","UTTARPRADESH","BIJNOR","150124","5524","9402","45971","67"
"1","INDIA","35","UTTARPRADESH","BADAUN","122415","5799","8359","17042","85"
"1","INDIA","35","UTTARPRADESH","BULANDSAHAR","167331","5953","8403","26314","82"
"1","INDIA","35","UTTARPRADESH","CHANDAULI","75441","4298","8868","39848","38"
"1","INDIA","35","UTTARPRADESH","CHITRAKOOT","26490","2155","4206","7586","66"
"1","INDIA","35","UTTARPRADESH","DEORIA","106500","7505","10006","19652","78"
"1","INDIA","35","UTTARPRADESH","ETAH","71331","3550","5638","6878","88"
"1","INDIA","35","UTTARPRADESH","ETAWAH","77814","2522","3276","39175","46"
"1","INDIA","35","UTTARPRADESH","FAIZABAD","80778","3810","4731","26568","62"
"1","INDIA","35","UTTARPRADESH","FARRUKHABAD","65151","3394","5225","10647","80"
"1","INDIA","35","UTTARPRADESH","FATEHPUR","119784","5500","9581","4085","95"
"1","INDIA","35","UTTARPRADESH","FIROZABAD","80390","4055","7144","5266","117"
"1","INDIA","35","UTTARPRADESH","GAUTAMBUDHNAGAR","50911","2772","3134","3944","93"
"1","INDIA","35","UTTARPRADESH","GHAZIABAD","31596","7109","12456","2452","105"
"1","INDIA","35","UTTARPRADESH","GAZIPUR","132624","7770","12708","34970","68"
"1","INDIA","35","UTTARPRADESH","GONDA","123187","6834","9582","31618","71"
"1","INDIA","35","UTTARPRADESH","GORAKHPUR","185533","7181","13661","73632","55"
"1","INDIA","35","UTTARPRADESH","HAMIRPUR","56788","2952","4944","16732","64"
"1","INDIA","35","UTTARPRADESH","HAPUR","44488","2670","3645","5045","89"
"1","INDIA","35","UTTARPRADESH","HARDOI","190921","7579","11907","52767","69"
"1","INDIA","35","UTTARPRADESH","MAHAMAYANAGAR","62522","2802","3871","10278","85"
"1","INDIA","35","UTTARPRADESH","JALAUN","194862","4395","6333","130211","29"
"1","INDIA","35","UTTARPRADESH","JAUNPUR","136123","9427","15990","14904","89"
"1","INDIA","35","UTTARPRADESH","JHANSI","64522","3802","4380","19012","68"
"1","INDIA","35","UTTARPRADESH","KANNAUJ","68057","3238","4635","24210","67"
"1","INDIA","35","UTTARPRADESH","KANPUR DEHAT","91458","3793","5565","26139","68"
"1","INDIA","35","UTTARPRADESH","KANPUR","82934","10375","24734","0","85"
"1","INDIA","35","UTTARPRADESH","KASGANJ","63898","2658","4206","4026","100"
"1","INDIA","35","UTTARPRADESH","KAUSHAMBI","55494","3298","5051","6575","91"
"1","INDIA","35","UTTARPRADESH","KUSHINAGAR","175257","7644","14300","81120","47"
"1","INDIA","35","UTTARPRADESH","LAKHIMPUR KHERI","299568","8240","15233","100160","62"
"1","INDIA","35","UTTARPRADESH","LALITPUR","51709","3056","3512","18397","62"
"1","INDIA","35","UTTARPRADESH","LACKNOW","67700","4232","8375","16062","69"
"1","INDIA","35","UTTARPRADESH","MAHARAJGANJ","118066","5760","10069","38516","62"
"1","INDIA","35","UTTARPRADESH","MAHOBA","17965","1496","2675","23","112"
"1","INDIA","35","UTTARPRADESH","MAINPURI","100084","3612","5280","14890","86"
"1","INDIA","35","UTTARPRADESH","MATHURA","116457","4003","6190","22239","92"
"1","INDIA","35","UTTARPRADESH","MAUNATH BHANJAN","50838","4125","7289","11372","70"
"1","INDIA","35","UTTARPRADESH","MEERUT","126513","3381","4636","33560","70"
"1","INDIA","35","UTTARPRADESH","MIRZAPUR","63354","5150","10388","16889","62"
"1","INDIA","35","UTTARPRADESH","MORADABAD","90941","4668","7744","13956","85"
"1","INDIA","35","UTTARPRADESH","MUZAFARNAGAR","108357","4718","7644","36019","66"
"1","INDIA","35","UTTARPRADESH","PILHIBHIT","136382","3846","6034","41768","65"
"1","INDIA","35","UTTARPRADESH","PRATAPGARH","122422","34556","44922","28204","141"
"1","INDIA","35","UTTARPRADESH","RAIBEARELI","89852","4943","8313","19857","73"
"1","INDIA","35","UTTARPRADESH","RAMPUR","77840","4014","7026","7053","107"
"1","INDIA","35","UTTARPRADESH","SHARANPUR","146365","5523","8804","0","133"
"1","INDIA","35","UTTARPRADESH","SAMBHAL","71103","4095","6459","1718","109"
"1","INDIA","35","UTTARPRADESH","SANTKABIRNAGAR","77885","3377","5628","21183","67"
"1","INDIA","35","UTTARPRADESH","SANTRAVIDASNAGAR","44413","3373","6390","473","93"
"1","INDIA","35","UTTARPRADESH","SHAHJAHANPUR","150562","5268","7772","53147","59"
"1","INDIA","35","UTTARPRADESH","SHAMLI","47063","2636","3841","447","140"
"1","INDIA","35","UTTARPRADESH","SHRAWASTI","45234","2239","4315","10419","70"
"1","INDIA","35","UTTARPRADESH","SIDDHARTHNAGAR","160120","5727","9986","47705","64"
"1","INDIA","35","UTTARPRADESH","SITAPUR","246350","9190","14167","64580","70"
"1","INDIA","35","UTTARPRADESH","SONBHADRA","23153","1480","6706","6780","43"
"1","INDIA","35","UTTARPRADESH","SULTANPUR","115081","5300","9222","24526","73"
"1","INDIA","35","UTTARPRADESH","UNNAO","192486","6163","10001","57054","65"
"1","INDIA","35","UTTARPRADESH","VARANASI","53994","5590","11852","3402","86"
"1","INDIA","34","UTTARAKHAND","DEHRADUN","36614","215","4061","28105","12"
"1","INDIA","34","UTTARAKHAND","HARIDWAR","74177","1411","2294","30705","56"
"1","INDIA","34","UTTARAKHAND","NANITAL","10418","87","241","5731","43"
"1","INDIA","34","UTTARAKHAND","UDHAM SINGH NAGAR","82825","1271","2747","15326","79"
"1","INDIA","36","WEST BENGAL","MALDA","153766","6129","9423","81140","40"
"1","INDIA","36","WEST BENGAL","NADIA","208627","7923","10348","12654","92"
"1","INDIA","36","WEST BENGAL","KOCHBIHAR","274778","4327","5827","203752","17"
"1","INDIA","36","WEST BENGAL","NORTH 24 PRAGANA","162530","14044","18559","50951","62"
"1","INDIA","36","WEST BENGAL","DAKSHIN DINAJPUR","115049","2562","3276","55015","46"
"1","INDIA","36","WEST BENGAL","UTTAR_DINAJPUR","185131","4600","7237","89853","46"
"1","INDIA","36","WEST BENGAL","BANKURA","169305","4586","7181","89560","40"
"1","INDIA","36","WEST BENGAL","PURULIYA","72569","4489","6220","58281","9"
"1","INDIA","36","WEST BENGAL","JALPAIGURI","281830","4278","5751","240764","4"
"1","INDIA","36","WEST BENGAL","BARDAMAN","282601","9383","15393","160154","36"
"1","INDIA","36","WEST BENGAL","MURSIDABAD","242107","9871","16623","40114","79"
"1","INDIA","36","WEST BENGAL","BIRBHUM","118728","3825","7537","67846","34"
"1","INDIA","36","WEST BENGAL","HAORA","28254","2149","5507","16307","25"
"1","INDIA","36","WEST BENGAL","DARJEELING","49573","1436","1956","41861","5"
"1","INDIA","36","WEST BENGAL","HUGLI","146888","7038","10471","69674","45"
"1","INDIA","36","WEST BENGAL","PASHCHIM MEDINIPUR","352767","7714","12536","212193","32"
"1","INDIA","36","WEST BENGAL","EASTMEDNIPUR","80606","2960","4216","48102","32"
"1","INDIA","1","ANDAMAN & NICOBAR","ANDAMAN NICOBAR","30804","1208","1375","27209","4.44"
"1","INDIA","6","CHANDIGARH","CHANDIGARH","2156","0","","","0"
"1","INDIA","8","DADAR & NAGAR HAVELI","DADAR & NAGAR HAVELI","6216","563","997","4185","22"
"1","INDIA","9","DAMAN & DIU","DAMAN","1259","125","235","23","89"
"1","INDIA","9","DAMAN & DIU","DIU","550","68","80","0","117"
"1","INDIA","19","LAKSHADWEEP","AGATTI","108","28","","","78"
"1","INDIA","19","LAKSHADWEEP","AMINI","103","28","","","82"
"1","INDIA","19","LAKSHADWEEP","ANDROTH","193","41","","","66"
"1","INDIA","19","LAKSHADWEEP","CHETLAT","41","9","","","63"
"1","INDIA","19","LAKSHADWEEP","KADMAT","124","20","","","48"
"1","INDIA","19","LAKSHADWEEP","KALPENI","91","16","","","54"
"1","INDIA","19","LAKSHADWEEP","KILTAN","65","14","","","67"
"1","INDIA","19","LAKSHADWEEP","KAVARATTI","144","41","","","85"
"1","INDIA","19","LAKSHADWEEP","MINICOY","186","38","","","59"
"1","INDIA","27","PONDICHERRY","PUDUCHERY","11398","2392","2732","","139"
"1","INDIA","27","PONDICHERRY","KARAIKAL","7258","388","353","5642","14"
"1","INDIA","27","PONDICHERRY","MAHE","270","150","154","89","62"
"1","INDIA","27","PONDICHERRY","YANAM","","","","",""
