Country Code,Country,State Code,State,District,2004 Average,2005 Average,2006 Average,2007 Average,2008 Average,2009 Average,2010 Average,2011 Average,2012 Average,2013 Average
1,INDIA,1,ANDAMAN & NICOBAR,NICOBAR,194.2,210.1,217.4,199.6,197.1,153.1,254.6,258.5,244.6,250.1
1,INDIA,1,ANDAMAN & NICOBAR,NORTH & MIDDLE ANDAMAN,213.9,236,200.1,227.7,301.1,236.5,280.5,374.9,338.5,394
1,INDIA,1,ANDAMAN & NICOBAR,SOUTH ANDAMAN,213.9,236,200.1,227.7,301.1,236.5,280.5,296.7,273.2,263.8
1,INDIA,2,ANDHRA PRADESH,ADILABAD,55.6,119.7,102.7,66.4,76.4,60,118.8,75.7,87.4,134
1,INDIA,2,ANDHRA PRADESH,ANANTHAPUR,47,68.3,41.2,57.5,72.3,48.8,71.1,42.4,44.7,41.8
1,INDIA,2,ANDHRA PRADESH,CHITTOOR,67.5,128.7,70.4,91,79.4,62.9,90,81.5,83.5,
1,INDIA,2,ANDHRA PRADESH,CUDDAPAH,52.7,72.5,43.9,75.9,54.1,49.3,75,55.4,46.5,57.4
1,INDIA,2,ANDHRA PRADESH,EAST GODAVARI,81.9,119,98.7,95.6,93.6,50.6,159.1,71.2,120.4,93.3
1,INDIA,2,ANDHRA PRADESH,GUNTUR,63.3,79.4,71,84,80.4,53.6,123.8,55,84.4,96.8
1,INDIA,2,ANDHRA PRADESH,HYDERABAD,57,94.3,76.9,62.6,99.4,58.9,93.9,52.1,64.9,90.7
1,INDIA,2,ANDHRA PRADESH,KARIMNAGAR,72.6,137,125.9,78.9,74.8,53.5,121.2,63.1,87.2,119
1,INDIA,2,ANDHRA PRADESH,KHAMMAM,92.7,129.3,116.1,100.2,132,61.2,150.3,76.1,126.8,125.3
1,INDIA,2,ANDHRA PRADESH,KRISHNA,73.9,96.6,105.6,81.7,108.7,61.3,150.4,72,125.8,109.8
1,INDIA,2,ANDHRA PRADESH,KURNOOL,53.6,69.8,50.1,90.2,59,64,68.6,40.2,50.8,58.6
1,INDIA,2,ANDHRA PRADESH,MAHABUBNAGAR,35.2,87.7,49.7,70.6,51.8,62.1,65.1,42,52.7,75.9
1,INDIA,2,ANDHRA PRADESH,MEDAK,54.6,99.1,80.1,62.1,80.8,42,86.5,57.9,70.2,89
1,INDIA,2,ANDHRA PRADESH,NALGONDA,,,,,,,,46.6,56.2,95.5
1,INDIA,2,ANDHRA PRADESH,NELLORE,96.9,129.2,71.9,107.1,91.9,75.5,118,89.9,75.9,72.6
1,INDIA,2,ANDHRA PRADESH,NIZAMABAD,61.1,99.8,88.9,76.5,79.9,57.5,99.4,80.2,70.4,111.8
1,INDIA,2,ANDHRA PRADESH,PRAKASAM,63.1,79.9,72.4,75,78.1,52.9,116.9,47.5,73.9,82.2
1,INDIA,2,ANDHRA PRADESH,RANGA REDDY,60.8,91.8,64.7,55.4,73.7,64.9,92.5,43,65.7,81
1,INDIA,2,ANDHRA PRADESH,SRIKAKULAM,86.9,96.3,113.2,101.1,87.3,72.9,141.7,80.3,107.4,118.5
1,INDIA,2,ANDHRA PRADESH,VISHAKHAPATNAM,82.5,124.2,106.6,94.2,75.6,61.2,141.9,72.3,101.5,90.2
1,INDIA,2,ANDHRA PRADESH,VIZIANAGARAM,86.2,111.4,106.1,102.1,89.1,86,137.3,84.8,108.1,85.7
1,INDIA,2,ANDHRA PRADESH,WARANGAL,77.9,87.6,102.5,85.8,110.5,54.6,112.8,71.8,102.7,113.9
1,INDIA,2,ANDHRA PRADESH,WEST GODAVARI,69.4,101,91.1,94.9,102.8,62.8,158.4,77.6,134.3,83.8
1,INDIA,3,ARUNACHAL PRADESH,ANJAW,,,,,,,,0,0,103.3
1,INDIA,3,ARUNACHAL PRADESH,CHANGLANG,240.5,190,138.4,160.1,118,108.9,159.8,116.6,181.1,153.9
1,INDIA,3,ARUNACHAL PRADESH,DIBANG VALLEY,372.6,324.5,181.8,225.1,263.4,247.5,0,0,258.5,163.3
1,INDIA,3,ARUNACHAL PRADESH,EAST KAMENG,236.8,302.8,154.1,113.4,138.6,113.2,97.5,90.9,97.7,105.4
1,INDIA,3,ARUNACHAL PRADESH,EAST SIANG,436.9,358.1,308.9,416.6,341.5,253.6,374.6,236.9,532.8,279.7
1,INDIA,3,ARUNACHAL PRADESH,KURUNG KUMEY,,,,,,,,,9.9,
1,INDIA,3,ARUNACHAL PRADESH,LOHIT,265.5,206.3,220.5,232.2,203,196.3,311.1,174.6,323.2,205.7
1,INDIA,3,ARUNACHAL PRADESH,LOWER DIBANG VALLEY,,,,,,,,0,567.6,250.6
1,INDIA,3,ARUNACHAL PRADESH,LOWER SUBANSIRI,80.4,80.3,68.8,80.2,81.5,70,58.9,77.9,82.4,53.3
1,INDIA,3,ARUNACHAL PRADESH,PAPUM-PARE,332.7,217,179,308.3,355.1,228.8,325,263.2,295.4,213.4
1,INDIA,3,ARUNACHAL PRADESH,TAWANG,152.6,144.6,122.8,132.9,135.6,102.9,132.5,141.5,163.4,177.2
1,INDIA,3,ARUNACHAL PRADESH,TIRAP,324.4,323.1,243.7,276.1,267,337.4,289.9,137.3,213.6,211.1
1,INDIA,3,ARUNACHAL PRADESH,UPPER SIANG,,114.1,325.2,71.5,127.9,5,348.5,349.9,465.2,297.3
1,INDIA,3,ARUNACHAL PRADESH,UPPER SUBANSIRI,108.9,147.2,119.4,168.8,132.1,136.5,137.9,130.1,119.1,106.1
1,INDIA,3,ARUNACHAL PRADESH,WEST KAMENG,273.6,195.4,149,205.9,271.4,266.5,211.4,169.2,158.9,160.4
1,INDIA,3,ARUNACHAL PRADESH,WEST SIANG,154.2,46.1,231.6,226,297.5,215.1,267,209.9,186,168.8
1,INDIA,4,ASSAM,BAKSA,,,,,,,,0,249.9,124
1,INDIA,4,ASSAM,BARPETA,284,242.8,156.2,221.3,233.4,206,274.7,166.8,248.3,182.1
1,INDIA,4,ASSAM,BONGAIGAON,263.3,229.3,146.8,215.8,251.7,207.1,297.5,148.5,307.9,189.6
1,INDIA,4,ASSAM,CACHAR,225.8,239.6,173.3,246.2,243.3,208.7,341.2,191.6,255.8,213
1,INDIA,4,ASSAM,CHIRANG,,,,,,,,158.7,312.8,179.3
1,INDIA,4,ASSAM,DARRANG,203.9,189.9,136.7,158,146.4,134.1,,,71.7,49.8
1,INDIA,4,ASSAM,DHEMAJI,,,,,,,,0,227.1,162.7
1,INDIA,4,ASSAM,DHUBRI,233.6,291.4,129.9,186.6,164.2,151.8,211,149.5,227.6,126.1
1,INDIA,4,ASSAM,DIBRUGARH,220.1,172.4,187.9,198.1,204,181.9,219.5,155.3,198.5,196.1
1,INDIA,4,ASSAM,GOALPARA,236.7,234.2,161.9,195.3,229.7,181.1,226.6,135.9,169.8,167.6
1,INDIA,4,ASSAM,GOLAGHAT,155.9,118.8,104.6,113,112.6,102.7,170.4,128.8,120.9,115.8
1,INDIA,4,ASSAM,HAILAKANDI,218.1,222.5,183.5,239.7,191.7,91.4,167.3,102.3,155.5,166.1
1,INDIA,4,ASSAM,JORHAT,176,134.7,126,152.3,148.2,115,207.5,148.1,130.6,158.8
1,INDIA,4,ASSAM,KAMRUP,156,144.8,99.1,157.4,133.3,120,212.2,112.5,157.7,119
1,INDIA,4,ASSAM,KARBI ANALOG,126.9,93.6,77.1,111.6,98.8,72.7,94.4,70.3,85.9,104.4
1,INDIA,4,ASSAM,KARIMGANJ,377.6,342.2,270.4,289.3,127.1,191.4,302,157.5,234.3,194.8
1,INDIA,4,ASSAM,KOKRAJHAR,386.3,307.1,200.5,269.9,319.7,237.4,372.4,222.9,317.1,239.9
1,INDIA,4,ASSAM,LAKHIMPUR,264.9,234.7,239.7,270.5,224.4,197.1,326.8,236.4,227.9,197.1
1,INDIA,4,ASSAM,MORIGAON,139.1,119.1,110.1,136.5,151.1,108,180.1,104.3,118.1,130.4
1,INDIA,4,ASSAM,N.C HILLS,,,,188,,0,122.4,81.4,251.1,132.6
1,INDIA,4,ASSAM,NALBARI,210.6,198.8,126.6,193.4,182.9,127.5,241,125.8,185.4,127.1
1,INDIA,4,ASSAM,NAGAON,106.6,84.9,89.1,139.8,112.8,59.6,144.8,94,103.8,
1,INDIA,4,ASSAM,SIBSAGAR,181.3,154.5,117.8,146,139.3,137,233.6,135,138.5,145.5
1,INDIA,4,ASSAM,SONITPUR,181.5,130.1,99.3,206.2,185.4,136.1,247.2,141.9,171.4,
1,INDIA,4,ASSAM,TINSUKIA,229.9,207.4,164.9,204.2,205.6,161.4,264.5,148.2,222,177.1
1,INDIA,4,ASSAM,UDALGURI,,,,,,,,98.8,227.7,160.8
1,INDIA,5,BIHAR,ARARIYA,175.7,115.3,118.5,176.2,243,115.4,121.4,155.1,94.9,166.1
1,INDIA,5,BIHAR,ARWAL,,,,,,,,103.4,71.4,83.3
1,INDIA,5,BIHAR,AURANGABAD,77.4,55.7,140.8,271.5,171.6,206.5,47.5,83.4,92.3,62.5
1,INDIA,5,BIHAR,BANKA,,,,,,,,89.9,53.9,158
1,INDIA,5,BIHAR,BEGUSARAI,84.4,73,102.1,93.9,,110,116.7,115.1,64.7,75.5
1,INDIA,5,BIHAR,BHABUA,125.5,74.3,,,,80.9,52.3,103.3,90.5,105.3
1,INDIA,5,BIHAR,BHAGALPUR,104.3,99.3,108.8,136.3,92.5,124.9,63.8,105.4,64.4,107.9
1,INDIA,5,BIHAR,BHOJPUR,56,70.7,93.9,209.7,200.2,80.6,114.3,92.1,108.4,132.9
1,INDIA,5,BIHAR,BUXAR,75.5,125.6,96.3,158.4,222.8,135,100.4,78.4,29.9,89.7
1,INDIA,5,BIHAR,DRABHANGA,89.3,72,189.7,241.9,189.5,140.7,157.7,114.8,105.6,112.1
1,INDIA,5,BIHAR,GAYA,76.9,51.7,93,86.4,92.5,72.8,56.9,105,87.9,59.8
1,INDIA,5,BIHAR,GOPALGANJ,60,48.1,,165.8,246.1,127.4,80.3,76,79.4,73.2
1,INDIA,5,BIHAR,JAMUI,,,,,,183,101.8,74.1,48.5,85.3
1,INDIA,5,BIHAR,JAHANABAD,,,,,315.6,73.1,50.2,93.3,70.9,62.9
1,INDIA,5,BIHAR,KATIHAR,119.7,188.1,174.1,175.1,172.1,127,61.6,80.5,73.7,112
1,INDIA,5,BIHAR,KHAGARIA,80.6,164.8,156.4,212.8,255.9,148.7,68.9,76.6,70.1,77.3
1,INDIA,5,BIHAR,KISHANGANJ,152.6,191.7,146.9,72,583.8,125.1,209,196.9,185.4,240
1,INDIA,5,BIHAR,LAKHISARAI,,,,,,,,82,64.3,50.6
1,INDIA,5,BIHAR,MADHEPURA,110.1,22,,41.3,,154.2,68.3,91.3,73.5,118.9
1,INDIA,5,BIHAR,MADUBANI,108.4,118.7,121,312.6,164.6,173.6,57.5,100.5,63.8,111.7
1,INDIA,5,BIHAR,MUNGER,90.9,109.8,98.7,315.2,305,243.8,210.2,51.5,92.1,81.8
1,INDIA,5,BIHAR,MUZAFFARPUR,111.3,84,102.7,218.7,152.5,82.2,69.8,115.4,84.8,76.5
1,INDIA,5,BIHAR,NALANDA,44.6,67.6,5.7,,,110.7,61,121,88.5,76.3
1,INDIA,5,BIHAR,NAWADA,,,,,,,,70.2,47.3,56.7
1,INDIA,5,BIHAR,PACHIM CHAMPARAN,87.3,146,230.4,375.7,273.3,239.6,222.8,125.4,120.6,114.6
1,INDIA,5,BIHAR,PATNA,68.2,77.7,85,146.8,138.9,68.6,64.3,96.8,77.7,76.5
1,INDIA,5,BIHAR,PURBA CHAMPARAN,118.8,108.8,80.4,233.3,175.6,99.5,106.6,116.6,84.5,96.4
1,INDIA,5,BIHAR,PURNIA,163,157.7,120,157.9,170.2,148.5,174.3,191.9,70.5,120.1
1,INDIA,5,BIHAR,ROHTAS,57.4,59.3,87.6,83.3,88.6,89.2,60.9,88.9,84.7,81.9
1,INDIA,5,BIHAR,SAHARSA,263.3,168.6,194.7,269.2,212.3,155.4,186.9,123.7,82,99.1
1,INDIA,5,BIHAR,SAMASTIPUR,64.2,79.9,172.9,229.6,155.5,131.3,55.9,98.6,50,62.2
1,INDIA,5,BIHAR,SARAN,43.5,20.3,66.2,101.1,152.6,76.9,66.7,100.9,70.5,76.8
1,INDIA,5,BIHAR,SHEIKHPURA,,,,,,,,58.7,72.3,49.8
1,INDIA,5,BIHAR,SHEOHAR,,,,,,,,110.3,77.5,71.2
1,INDIA,5,BIHAR,SITAMARHI,160.2,149.9,178.8,281.6,294.9,133.9,108.7,164.7,92,64.2
1,INDIA,5,BIHAR,SIWAN,67.4,110.4,104.5,243.6,237.3,79.4,172.8,73.9,115,152
1,INDIA,5,BIHAR,SUPAUL,131.3,42.7,,16.7,22.1,83.7,89.4,107.6,74.1,107.6
1,INDIA,5,BIHAR,VAISHALI,,,91.5,172,150.7,53,52,89.2,78.3,58.2
1,INDIA,6,CHANDIGARH,CHANDIGARH,103.6,84.7,62.7,81,102,72.8,101.2,,,
1,INDIA,7,CHHATTISGARH,BASTAR,137,118.3,142.5,104.9,116.5,86.5,135.3,96.7,128.5,119.5
1,INDIA,7,CHHATTISGARH,BIJAPUR,,,,,,,,99.4,166,231.3
1,INDIA,7,CHHATTISGARH,BILASPUR,106,123,91,105.8,87.2,71.2,81.2,107.5,112.5,120.8
1,INDIA,7,CHHATTISGARH,DANTEWARA,154.3,98.1,115.1,140.5,100.5,59.1,135.9,101.6,159.4,
1,INDIA,7,CHHATTISGARH,DHAMTARI,76.3,91.7,110,83.9,75.1,92.7,100.9,91.9,91,121.8
1,INDIA,7,CHHATTISGARH,DURG,83.2,110.4,73.9,89,75.4,66.2,95.8,106.9,91,130.7
1,INDIA,7,CHHATTISGARH,JANJGIR_CHAMPA,87.6,101.4,100.3,116.3,117,72.8,101,110,121.5,102.1
1,INDIA,7,CHHATTISGARH,JASHPUR,110.7,116.2,69.7,102.8,117.7,88.7,94.5,154.9,112.6,83.6
1,INDIA,7,CHHATTISGARH,KANKER,86.5,113.2,131,103,54.3,72.4,123.4,101,115.2,135.2
1,INDIA,7,CHHATTISGARH,KAWARDHA,85.2,107.4,85.9,54.5,57.9,51,102.1,85.7,86.4,89.5
1,INDIA,7,CHHATTISGARH,KORBA,113,123.5,62.6,71.4,102.8,68.5,91.1,124.2,117.5,101.6
1,INDIA,7,CHHATTISGARH,KOREA,80.4,96.1,102.1,109.9,83.2,68.1,58.5,150.7,121,133.9
1,INDIA,7,CHHATTISGARH,MAHASAMUND,101.9,114.9,115.3,97.9,78.7,99.2,94.2,108.2,126.5,125.9
1,INDIA,7,CHHATTISGARH,NARAYANPUR,,,,,,,,93.3,123,131.4
1,INDIA,7,CHHATTISGARH,RAIGARH,87.5,103.9,90.8,107.6,126.2,81.5,82.4,107.4,103.1,101.8
1,INDIA,7,CHHATTISGARH,RAIPUR,78.3,112.3,100.6,119.5,92.9,79,92.4,110.2,102.7,120.3
1,INDIA,7,CHHATTISGARH,RAJNANDGAON,85.3,130.7,94,64.1,67.7,61.2,101.8,97.5,91.9,122.5
1,INDIA,7,CHHATTISGARH,SURGUJA,81,93.3,98.9,96.1,93.3,51.4,49.7,115.3,93.5,67.4
1,INDIA,8,DADAR & NAGAR HAVELI,DADAR & NAGAR HAVELI,,,,,,174.8,218.3,,,
1,INDIA,8,DADAR & NAGAR HAVELI,DNH & DAMAN,227.8,230.7,178.3,207.5,190.3,,,,,
1,INDIA,9,DAMAN & DIU,DAMAN,,,,,,,,164.5,97,291.4
1,INDIA,9,DAMAN & DIU,DIU,0,0,26.8,0.8,120.1,75.6,98.6,60.8,34.2,76
1,INDIA,10,DELHI,CENTRAL DELHI,49.5,55.1,50,59.9,67.3,46.7,88,50.3,26.7,72.3
1,INDIA,10,DELHI,EAST DELHI,49.5,55.1,50,59.9,67.3,46.7,88,64.2,27.6,53.1
1,INDIA,10,DELHI,NEW DELHI,49.5,55.1,50,59.9,67.3,46.7,88,58.6,46.7,90
1,INDIA,10,DELHI,NORTH DELHI,49.5,55.1,50,59.9,67.3,46.7,88,73.9,31.4,65.6
1,INDIA,10,DELHI,NORTH EAST DELHI,49.5,55.1,50,59.9,67.3,46.7,88,43.4,16.4,23.9
1,INDIA,10,DELHI,NORTH WEST DELHI,49.5,55.1,50,59.9,67.3,46.7,88,44.6,42.2,62.7
1,INDIA,10,DELHI,SOUTH DELHI,49.5,55.1,50,59.9,67.3,46.7,88,65.2,49.7,54.4
1,INDIA,10,DELHI,SOUTH WEST DELHI,49.5,55.1,50,59.9,67.3,46.7,88,48.8,37,62.7
1,INDIA,10,DELHI,WEST DELHI,49.5,55.1,50,59.9,67.3,46.7,88,40.8,18.5,46.9
1,INDIA,11,GOA,NORTH GOA,199.4,292.6,274.1,322.3,285.9,277.4,334.9,311.6,273.4,317
1,INDIA,11,GOA,SOUTH GOA,199.4,292.6,274.1,322.3,285.9,277.4,334.9,324.5,237,291.7
1,INDIA,12,GUJARAT,AHMADABAD,68.3,104.9,74.6,74.2,63.9,32.3,99.8,51.3,33.9,77.4
1,INDIA,12,GUJARAT,AMRELI,47.2,97.1,68.7,87.1,60.7,42.8,77.6,57.2,28.7,75.1
1,INDIA,12,GUJARAT,ANAND,64.3,126.5,87.5,74.8,63.3,29.8,72,60.9,47.6,96.6
1,INDIA,12,GUJARAT,BANASKANTHA,36.3,62.5,114.6,71.9,44.9,30.8,82.2,65.9,36.6,80.5
1,INDIA,12,GUJARAT,VADODARA,78.1,113.8,137,96.7,70.9,43.8,79.2,72.2,52,120.2
1,INDIA,12,GUJARAT,BHARUCH,65.1,79.7,81.5,77.2,63.1,35.9,75.2,50.9,33.5,97.1
1,INDIA,12,GUJARAT,BHAVNAGAR,48.1,82.6,61,80.6,61.7,31.9,65.8,47.8,31.8,77.8
1,INDIA,12,GUJARAT,DANGS,204.9,318.6,218,160.1,216.1,127.7,157.2,134.1,120.8,136.8
1,INDIA,12,GUJARAT,DAHOD,88,44.1,99.9,71.7,49.4,36.6,48.8,47.7,61,66.9
1,INDIA,12,GUJARAT,GANDHINAGAR,63.2,117.6,88,91.8,61.7,42.5,76.8,55.4,49.8,87.3
1,INDIA,12,GUJARAT,JAMNAGAR,46.9,48,64.5,99.9,48.1,76.5,125.5,66.2,30.6,77.8
1,INDIA,12,GUJARAT,JUNAGARH,86,79.4,81.6,137.8,93.5,111.2,141.8,90,35.8,99.4
1,INDIA,12,GUJARAT,KACHCHH,25,32.2,46.7,47,26.2,41.5,74,53.5,21.1,54.3
1,INDIA,12,GUJARAT,KHERA,69.2,94.9,117.7,95.3,63.2,37.6,70.6,48.7,53.7,85.6
1,INDIA,12,GUJARAT,MAHESANA,51.4,115.9,118.1,91.6,50.6,37.4,68.6,62.4,38.1,75.4
1,INDIA,12,GUJARAT,NARMADA,89.5,96.2,124.4,113,91.9,65.8,76.1,84.9,65.3,140.5
1,INDIA,12,GUJARAT,NAVSARI,173.2,247.4,174.9,144.7,183,123.9,165.2,158.5,89.5,170.7
1,INDIA,12,GUJARAT,PANCHMAHAL,79.5,75.6,118.2,82.2,56.2,40.6,59.2,62.2,64.9,92
1,INDIA,12,GUJARAT,PATAN,41.9,65.9,87,70.8,47.8,24.6,72.4,60,28.1,63.7
1,INDIA,12,GUJARAT,PORBANDAR,44,57.9,76.3,112.4,53.8,121.3,148.2,79.4,17.1,92.9
1,INDIA,12,GUJARAT,RAJKOT,54.4,61,75,88.8,66.1,45.1,104,72.5,28.4,85.7
1,INDIA,12,GUJARAT,SABAR KANTHA,60.4,88.3,141.8,109.2,55.7,55,74.8,82.8,66,94.6
1,INDIA,12,GUJARAT,SURAT,163.6,217.6,167.9,131,135.2,109,130.9,108.8,68.1,163.2
1,INDIA,12,GUJARAT,SURENDRANAGAR,43,66.9,52.7,68.4,61.5,23.3,66.9,55,27.6,56
1,INDIA,12,GUJARAT,TAPI,,,,,,,,92.3,71.2,143.3
1,INDIA,12,GUJARAT,VALSAD,194.9,232.8,186.4,183,187.2,155.2,186.3,186.6,124.8,233.7
1,INDIA,13,HARYANA,AMBALA,100.2,88.2,55.1,61.5,102.3,65,93.6,68.1,45.8,79
1,INDIA,13,HARYANA,BHIWANI,35.6,40.8,30.3,31.8,63.5,19,36.8,27.4,28,24.4
1,INDIA,13,HARYANA,FARIDABAD,52.9,49.3,22.4,48.7,59.2,29.6,50.7,50.4,26.9,51.5
1,INDIA,13,HARYANA,FATEHABAD,23.8,40.9,26.9,26.5,39.6,14.2,27.5,29.1,14,20.9
1,INDIA,13,HARYANA,GURGAON,46.5,52.3,28.4,61.2,76.8,38.5,70.1,37.6,40.5,33.4
1,INDIA,13,HARYANA,HISAR,25.1,39.5,20.6,41.3,37.2,21.8,31.7,28.6,22.1,
1,INDIA,13,HARYANA,JHAJJAR,39.4,51.6,41.2,43,87.5,31.7,40.5,27.6,19.4,25.9
1,INDIA,13,HARYANA,JIND,52.9,67.8,31.8,46.4,62.4,33.9,45.3,33.2,18.4,40.5
1,INDIA,13,HARYANA,KAITHAL,66.9,74.5,20.3,32.7,78.2,17.2,47.3,26.5,13.8,30.5
1,INDIA,13,HARYANA,KARNAL,52.5,46.9,28.3,61,51.1,40.5,73.1,36.2,30,57.6
1,INDIA,13,HARYANA,KURUKSHETRA,47,46.2,20.1,29.6,35.4,21,38.2,26.9,14.5,25.5
1,INDIA,13,HARYANA,MAHENDRAGARH,22,26.9,14.2,37.9,69,23.1,43.5,35.3,31.5,34
1,INDIA,13,HARYANA,MEWAT,,,,,,,,17.2,20.9,38
1,INDIA,13,HARYANA,PALWAL,,,,,,,,41.5,26.5,36.6
1,INDIA,13,HARYANA,PANCHKULA,75.9,67.2,63.1,83.2,48.5,33.3,58.9,52,55.2,59.1
1,INDIA,13,HARYANA,PANIPAT,46.7,46.3,29.4,24.2,35.9,27.2,45.9,28.8,22.7,32.8
1,INDIA,13,HARYANA,REWARI,34.7,52.3,37.8,42,89.8,35.9,56.8,42.3,27,39
1,INDIA,13,HARYANA,ROHTAK,33.4,50.8,36.6,31.4,48.4,33.7,40.5,22,22,21.9
1,INDIA,13,HARYANA,SIRSA,20.5,26.1,36.5,25.5,28.6,10.5,33.1,32.4,17.4,15.3
1,INDIA,13,HARYANA,SONIPAT,50.3,46.3,25.5,25.3,65.9,48.6,63.9,46.5,30.1,48
1,INDIA,13,HARYANA,YAMUNANAGAR,61.8,82.7,53.1,60.7,72.1,62.5,119.5,76.8,57.3,112.5
1,INDIA,14,HIMACHAL PRADESH,BILASPUR,91.7,78.5,112.3,104.2,108.2,85.8,89.1,93.7,84.1,96.9
1,INDIA,14,HIMACHAL PRADESH,CHAMBA,74.2,83.7,101.6,44.4,68.2,35.9,90.6,87.7,92.1,109.2
1,INDIA,14,HIMACHAL PRADESH,HAMIRPUR,107.5,104.4,132.6,118,118.2,96.9,103.9,118.4,121.3,119
1,INDIA,14,HIMACHAL PRADESH,KANGRA,112,122.6,147.2,134.2,150.4,100.8,134.3,156.3,187.5,200.3
1,INDIA,14,HIMACHAL PRADESH,KINNAUR,21.3,53.6,27.8,52.4,61.3,47.7,89.1,48.5,43.6,87.9
1,INDIA,14,HIMACHAL PRADESH,KULLU,76.1,86.8,72.8,70.9,120.5,98.2,145.5,110,107,
1,INDIA,14,HIMACHAL PRADESH,LAHUL&SPITI,,,,,,51.6,67.8,39.3,37.9,42.5
1,INDIA,14,HIMACHAL PRADESH,MANDI,97.5,105.4,105.4,122.7,108.4,80.4,123.6,122.1,120.3,131.1
1,INDIA,14,HIMACHAL PRADESH,SHIMLA,64.9,87.1,100,73.7,103.1,60.6,106.1,76.1,70.8,
1,INDIA,14,HIMACHAL PRADESH,SIRMAUR,101.2,109.5,114.8,106.4,118.5,81.2,158.7,135.4,91.6,
1,INDIA,14,HIMACHAL PRADESH,SOLAN,67.8,79.2,81.2,97.8,124.3,73.5,114.8,75.9,87.6,104.2
1,INDIA,14,HIMACHAL PRADESH,UNA,92.4,101.4,109,103.7,122.6,101,98.5,106,87.4,121.5
1,INDIA,15,JAMMU AND KASHMIR,ANANTNAG,64.7,97.9,100.6,64,79.3,77,97.5,80.4,80.2,78.1
1,INDIA,15,JAMMU AND KASHMIR,BADGAM,,,,,,,66.9,50,40,53.7
1,INDIA,15,JAMMU AND KASHMIR,BANDIPORE,,,,,,,,,,
1,INDIA,15,JAMMU AND KASHMIR,BARAMULA,88,103.8,150.2,76.7,100.3,77.8,111,89.7,82.4,78.5
1,INDIA,15,JAMMU AND KASHMIR,DODA,92.9,133.8,139.6,79.7,79.7,81.3,108.5,89.6,92.7,113.7
1,INDIA,15,JAMMU AND KASHMIR,GANDERWAL,,,,,,,,110.5,113.9,78
1,INDIA,15,JAMMU AND KASHMIR,JAMMU,81.6,80.8,97.1,101.5,93.6,62.2,98.5,120.4,106.5,119.5
1,INDIA,15,JAMMU AND KASHMIR,KARGIL,,,,,,,,1.8,2.4,2.1
1,INDIA,15,JAMMU AND KASHMIR,KATHUA,82.6,101.3,55.5,154.5,113.5,59.4,110.1,93.3,102.8,149.5
1,INDIA,15,JAMMU AND KASHMIR,KISTWAR,,,,,,,,,,
1,INDIA,15,JAMMU AND KASHMIR,KULGAM,,,,,,,,99.8,78.5,66.1
1,INDIA,15,JAMMU AND KASHMIR,KUPWARA,71.1,76.7,55.6,54.3,81.9,76.1,101.3,92.1,96.3,75
1,INDIA,15,JAMMU AND KASHMIR,LEH AND LADAKH,0.6,1.6,70.9,1,2.7,2.4,5,4.8,1.9,4
1,INDIA,15,JAMMU AND KASHMIR,PUNCH,,,,,,,,129.6,152.2,88.2
1,INDIA,15,JAMMU AND KASHMIR,PULWAMA,45.9,55.6,58.5,38.3,38.9,43.5,65,42.4,39.9,43.9
1,INDIA,15,JAMMU AND KASHMIR,RAJAURI,,,,,,,,85.5,76.5,82.8
1,INDIA,15,JAMMU AND KASHMIR,RAMBAN,,,,,,,,110.9,110.8,96.9
1,INDIA,15,JAMMU AND KASHMIR,RIASI,,,,,,,,159.6,164.3,245.1
1,INDIA,15,JAMMU AND KASHMIR,SAMBA,,,,,,,,118.3,96.2,125.1
1,INDIA,15,JAMMU AND KASHMIR,SHOPIAN,,,,,,,,16.3,11.7,57
1,INDIA,15,JAMMU AND KASHMIR,SRINAGAR,50.9,57.9,72.4,37.8,55.8,45.2,67,52.8,47.1,65.5
1,INDIA,15,JAMMU AND KASHMIR,UDHAMPUR,117.8,143.4,171,139.2,140.8,77.3,114.3,84.6,114.5,99.6
1,INDIA,16,JHARKHAND,BOKARO,,,189.4,157.3,241.8,145.8,91.3,120.9,91.4,117.6
1,INDIA,16,JHARKHAND,CHATRA,,,,,,,,165.3,111.9,101.3
1,INDIA,16,JHARKHAND,DEVGARH,,,,,,,,197,144,95.1
1,INDIA,16,JHARKHAND,DHANBAD,107.3,101,137.7,225.2,169.6,142.8,73.3,109.7,95,105.9
1,INDIA,16,JHARKHAND,DUMKA,,,,,,,,240.3,95.5,155.8
1,INDIA,16,JHARKHAND,PURBI SINGHBHUM,112.2,89.3,186.6,167.4,135.7,107.2,51.3,150.9,118.8,154
1,INDIA,16,JHARKHAND,GARHWA,,,,,,,,235.8,73.9,95.9
1,INDIA,16,JHARKHAND,GIRIDIH,93.4,64.5,116.8,177.9,134.9,146.7,90.3,103.1,92,94.3
1,INDIA,16,JHARKHAND,GOODA,,,165,149.7,,58.9,94.5,205.2,56.9,177
1,INDIA,16,JHARKHAND,GUMLA,199.7,163.5,0,,295.1,84.7,155.1,323.2,202.1,277.4
1,INDIA,16,JHARKHAND,HAZARIBAGH,110.7,76.4,163.4,155,142.6,86.7,61.2,70.8,71,
1,INDIA,16,JHARKHAND,JAMTARA,,,,,,,,119.6,108.4,110.6
1,INDIA,16,JHARKHAND,KHUNTI,,,,,,,,226.9,113.2,182.3
1,INDIA,16,JHARKHAND,KODARMA,0,,234.5,,9.6,112.2,83.4,206.2,101.9,134.6
1,INDIA,16,JHARKHAND,LATEHAR,,,,,,,,125.9,100.6,186.5
1,INDIA,16,JHARKHAND,LOHARDAGA,,,335.7,206.4,442.5,165.4,117.4,245.7,107.2,136.5
1,INDIA,16,JHARKHAND,PAKUR,101,125.3,,,,194.2,189.6,252.1,135.2,192.3
1,INDIA,16,JHARKHAND,PALAMU,68.8,65.9,103.7,96.3,83.9,68.7,47.9,98.7,89.8,
1,INDIA,16,JHARKHAND,PASCHIM SINGHBHUMI,65.5,25.4,40.5,84.3,44.3,134.9,54,112.1,77.3,117.1
1,INDIA,16,JHARKHAND,RAMGARH,,,,,,,,113.1,109.7,106.2
1,INDIA,16,JHARKHAND,RANCHI,103.8,81.2,129.7,122.5,122.9,111.9,61.2,132,103.5,91.9
1,INDIA,16,JHARKHAND,SAHEBGANJ,138.3,0,783.5,74.3,642.5,,154.5,217,253.5,
1,INDIA,16,JHARKHAND,SANTHAL PARGANAS,195.3,101.7,323.1,174.5,146.6,132.5,130.5,,,
1,INDIA,16,JHARKHAND,SIMDEGA,,,,,,,,306.3,145.8,289.1
1,INDIA,17,KARNATAKA,BAGALKOT,45.8,46.3,35.7,59.5,43.1,69,53,44.1,32.5,42.9
1,INDIA,17,KARNATAKA,BANGALORE RURAL,90.5,111,42.8,67.1,73.7,56.8,80.5,66.6,54.2,72.7
1,INDIA,17,KARNATAKA,BANGLORE URBAN,85.5,112.6,53.3,82,91.4,81.3,80,86,46,66.4
1,INDIA,17,KARNATAKA,BELGAUM,67.6,99.6,84.7,78.7,66.8,106.8,83.9,72,46.7,64.5
1,INDIA,17,KARNATAKA,BELLARY,46.1,57.6,44,54.2,45.2,76.2,71.8,39.5,45.4,50.3
1,INDIA,17,KARNATAKA,BIDAR,62.1,82.6,73.2,66.5,81.2,53.9,97.2,65.3,63.5,82.4
1,INDIA,17,KARNATAKA,BIJAPUR,44.3,53.1,47,52.2,45.9,80.4,52.7,34.4,35.7,51.1
1,INDIA,17,KARNATAKA,CHAMARAJANAGAR,79.8,99.8,46.5,69.9,73.5,57.6,75,63.2,44.1,56.6
1,INDIA,17,KARNATAKA,CHIKBALLAPUR,,,,,,,,56.7,52.3,51.6
1,INDIA,17,KARNATAKA,CHIKMAGALUR,149.8,197.7,190.2,219.9,181.9,188.1,193.3,168.2,134.1,183.4
1,INDIA,17,KARNATAKA,CHITRADURGA,48.4,70,41.6,58.3,54.9,70.2,81,34.8,48,48.6
1,INDIA,17,KARNATAKA,DAKSHIN KANNADA,295,304.4,344,339.7,286.7,339.7,369,352,281.2,357
1,INDIA,17,KARNATAKA,DAVANGERE,47.6,73.5,48.3,60.8,54.9,84.6,87,45.1,49.1,68
1,INDIA,17,KARNATAKA,DHARWAD,54,81.1,58.2,71.7,64.5,74.2,73.3,61.6,39.5,57.2
1,INDIA,17,KARNATAKA,GADAG,52.2,52.8,41.1,65.8,61.1,80.1,60,35.7,40.9,45.2
1,INDIA,17,KARNATAKA,GULBARGA,54.3,75.9,44,63.7,62,75.5,78.2,56.9,55.6,69.9
1,INDIA,17,KARNATAKA,HASSAN,89.6,117.4,79,101.2,100.1,95.9,107.7,80.3,54.9,83
1,INDIA,17,KARNATAKA,HAVERI,58.9,77.9,58.9,76.7,61,77,81.5,64.6,51.5,64.8
1,INDIA,17,KARNATAKA,KODAGU,202.4,253.9,253.4,313.3,198.9,228.7,193,228.9,150.6,252.6
1,INDIA,17,KARNATAKA,KOLAR,64.5,101.2,49.6,70,73.8,53.9,76.7,61.2,59.8,55.3
1,INDIA,17,KARNATAKA,KOPPAL,45.1,61.8,31.9,65,51.1,73.2,66.7,39.5,37.8,54.9
1,INDIA,17,KARNATAKA,MANDHYA,74,101,40.5,59.1,57.6,56.5,73.6,63.3,42.8,50.8
1,INDIA,17,KARNATAKA,MYSORE,62,86.4,58.2,68.6,64.4,68.6,77,77.9,43.9,60.8
1,INDIA,17,KARNATAKA,RAICHUR,44.3,59.8,38.1,59,48.6,103.8,59.8,36.9,34.3,63.1
1,INDIA,17,KARNATAKA,RAMNAGAR,,,,,,,,76,45,66.6
1,INDIA,17,KARNATAKA,SHIMOGA,137.8,178.2,154.2,197.8,167.4,210.2,206.6,199.5,159.4,229.7
1,INDIA,17,KARNATAKA,TUMKUR,63.4,85.9,48.7,69.2,79.7,64.5,81.8,51.3,46.7,54.5
1,INDIA,17,KARNATAKA,UDUPI,340.5,329.9,388.1,404.7,317.7,420.9,412.5,444.7,371,404.4
1,INDIA,17,KARNATAKA,UTTAR KANNADA,203.2,238.1,288.8,291,216.7,269.1,290,307.8,252.9,304.1
1,INDIA,17,KARNATAKA,YADGIR,,,,,,,,47.9,44.6,63.7
1,INDIA,18,KERALA,ALAPPUZHA,233,216.6,251.7,258.9,215.4,208.4,254.9,216.7,153.8,235.3
1,INDIA,18,KERALA,KANNUR,285.2,220.2,285.5,341,235.2,294.5,291.4,289.3,222.2,335.2
1,INDIA,18,KERALA,ERNAKULAM,267,283.5,321.5,337.1,239.5,271.8,339.4,291.7,217.5,304.8
1,INDIA,18,KERALA,IDUKKI,319.5,475.6,334.6,371.1,252.6,276.5,297.4,306.9,216.8,338.4
1,INDIA,18,KERALA,KASARGOD,262.3,210.1,287,321.3,276.7,261.7,334.3,322.7,253.8,
1,INDIA,18,KERALA,KOLLAM,203.9,202.3,238.3,229.2,183.9,177.3,232.4,190.9,138,224.1
1,INDIA,18,KERALA,KOTTYAM,242.8,282.1,312.9,289,211.1,203,306,274.1,191.6,300.5
1,INDIA,18,KERALA,KOZIKOD,279,195.6,304.9,391.8,277.4,335.6,322.8,330.5,244.1,320.3
1,INDIA,18,KERALA,MALAPPURAM,218.8,219.3,284,295.3,178.7,209.2,217.5,245.4,165.5,
1,INDIA,18,KERALA,PALAKKAD,185.4,220.7,221.6,272.5,157,208.1,204.9,217.3,141.5,
1,INDIA,18,KERALA,PATTANAMITTIA,244.3,279.1,253.6,270.9,221.5,191.9,270.3,220.8,151.5,237.3
1,INDIA,18,KERALA,THIRUVANANTHPURAM,159.2,177.7,193.5,170.9,161,123.6,178.4,125.8,96.2,153.8
1,INDIA,18,KERALA,TRISHUR,244,238.1,298.1,329.5,192.5,257.5,259.5,259.7,196.8,265.3
1,INDIA,18,KERALA,WAYANAD,219.4,267.6,215.5,257.7,178.5,226.9,170.2,219.2,153.3,264.2
1,INDIA,19,LAKSHADWEEP,LAKSHADWEEP,174.7,131.6,141.3,169.8,143.9,131,143.8,127.6,119.4,118.9
1,INDIA,20,MADHYA PRADESH,ALIRAJPUR,,,,,,,,52.6,77.4,117.3
1,INDIA,20,MADHYA PRADESH,ANUPPUR,,,,,,,,108,92.5,105.7
1,INDIA,20,MADHYA PRADESH,ASHOKNAGAR,,,,,,,,105.5,68.5,122.5
1,INDIA,20,MADHYA PRADESH,BALAGHAT,82.6,161.5,129.1,104.8,110.4,91.4,112,99.6,97.8,119.1
1,INDIA,20,MADHYA PRADESH,BARWANI,70.5,46.2,127.4,61.1,42.5,48.9,72.3,46.5,39.6,78
1,INDIA,20,MADHYA PRADESH,BETUL,66.5,77.9,94.9,108.4,68.2,88.9,92.7,70.3,130.4,140.3
1,INDIA,20,MADHYA PRADESH,BHIND,40.5,37.7,33.5,39.9,81.1,43.7,70.8,68.9,60.8,91.9
1,INDIA,20,MADHYA PRADESH,BHOPAL,67.5,93.8,161.6,79.4,61.7,100.3,65.5,97.9,95,114.5
1,INDIA,20,MADHYA PRADESH,BURHANPUR,,,,,,,,64.1,89.3,124
1,INDIA,20,MADHYA PRADESH,CHHATARPUR,78.4,83.9,54.1,47.9,78.2,67.5,76.3,89.8,69.6,125.2
1,INDIA,20,MADHYA PRADESH,CHHINDWARA,47.9,101,91.1,77.3,55.7,107.4,94.5,91.6,89.9,117.3
1,INDIA,20,MADHYA PRADESH,DAMOH,87.4,138.9,67.2,74.1,104.9,66.1,85.7,112.4,91.5,149.5
1,INDIA,20,MADHYA PRADESH,DATIA,47.3,40.3,43.6,47.4,87,54.6,65.4,62.6,75.4,97.2
1,INDIA,20,MADHYA PRADESH,DEWAS,71.2,55.4,116,84.4,33.7,65,65.8,89.3,100.2,117.8
1,INDIA,20,MADHYA PRADESH,DHAR,60.1,46.7,90.3,96.7,57.3,60.6,69,64.7,63.3,108.1
1,INDIA,20,MADHYA PRADESH,DINDORI,105.8,113.3,80.5,81.3,65.2,50.4,87.4,118.3,99.2,102.4
1,INDIA,20,MADHYA PRADESH,GUNA,66,75.9,82.8,63.8,81.7,56.4,66.9,139.7,63.3,139.9
1,INDIA,20,MADHYA PRADESH,GWALIOR,61.3,59.9,45.4,45,64.1,43,76.8,65,70.9,85.6
1,INDIA,20,MADHYA PRADESH,HARDA,89,89.2,84.2,95,51,94.4,81.8,87,132.5,153.1
1,INDIA,20,MADHYA PRADESH,HOSHANGABAD,106.4,115.5,158.5,91.1,68.6,131.2,90.3,111.7,144.4,175.2
1,INDIA,20,MADHYA PRADESH,INDORE,63.9,60.3,102.8,80,55.9,80.4,79.9,84.6,84.7,134.9
1,INDIA,20,MADHYA PRADESH,JABALPUR,100.7,150.5,83.3,86.1,100.1,93.5,116.5,114.4,107,175.8
1,INDIA,20,MADHYA PRADESH,JHABUA,91.4,54.9,124.5,99,52.7,51.9,53.3,77.2,84.5,107.7
1,INDIA,20,MADHYA PRADESH,KATNI,78.4,167.3,87.5,55.6,102.5,46.5,42.3,59.2,86.6,111.9
1,INDIA,20,MADHYA PRADESH,KHANDWA,62.7,56.4,65,84.6,56.9,46,75.8,88.5,96.6,121.4
1,INDIA,20,MADHYA PRADESH,KHARGONE,63.3,44.2,86.7,83,39.4,58.5,62.5,63.3,61.6,86.1
1,INDIA,20,MADHYA PRADESH,MANDLA,97,123.1,95,97.8,125.3,79.9,124.2,125,115.7,152.3
1,INDIA,20,MADHYA PRADESH,MANDSAUR,90.9,62,120.3,68.1,59,60.5,56.4,87.7,75.4,92.5
1,INDIA,20,MADHYA PRADESH,MORENA,45.6,57.3,38.9,35.9,64.8,55,66.8,59.3,69.9,87.9
1,INDIA,20,MADHYA PRADESH,NARSHIMAPURA,96.4,132.1,90.4,75,78.9,102.6,65.5,89.3,86.6,151.7
1,INDIA,20,MADHYA PRADESH,NIMACH,57.7,62.2,112.7,41.8,67.8,56.8,68.5,92,66.6,107.9
1,INDIA,20,MADHYA PRADESH,PANNA,107,124.5,55.1,33.8,48.7,69.4,61.8,89.2,91.2,135.2
1,INDIA,20,MADHYA PRADESH,RAISEN,76.4,103.2,95.2,67.3,77.1,89.9,67.7,118.5,87.8,133.4
1,INDIA,20,MADHYA PRADESH,RAJGARH,84.6,59.8,109.7,70.2,62,66.8,58.6,131.3,82.4,131.3
1,INDIA,20,MADHYA PRADESH,RATLAM,73.2,64.6,136.2,102.4,54.3,63.1,57.4,104.6,84.9,112.7
1,INDIA,20,MADHYA PRADESH,REWA,83.3,87.7,58.2,72,76.6,55.6,67.8,92.2,102,123.3
1,INDIA,20,MADHYA PRADESH,SAGAR,89.2,137,86.7,62.2,85.5,92.9,65.3,107.7,76,161.2
1,INDIA,20,MADHYA PRADESH,SATNA,89.9,122.6,65,61.8,62.8,74.4,55.3,85.6,80,112.6
1,INDIA,20,MADHYA PRADESH,SEHORE,118.4,91.9,136.1,74.4,56.6,79.5,54.8,94,109.6,123.4
1,INDIA,20,MADHYA PRADESH,SEONI,62.8,120.8,110.2,80.6,78.6,81.5,101.3,98.9,93.2,144.6
1,INDIA,20,MADHYA PRADESH,SHAHDOL,81.3,123.7,88.8,87.5,78.8,58.5,68.2,92.2,81.9,87.9
1,INDIA,20,MADHYA PRADESH,SHAJAPUR,69,53.5,135.7,88.4,57.7,65.5,51.7,105.6,74.9,114.3
1,INDIA,20,MADHYA PRADESH,SHEOPUR,72,66.1,40.1,39.1,64.1,31,51,90.7,62.9,84.9
1,INDIA,20,MADHYA PRADESH,SHIVPURI,57.7,61.8,48.4,43.7,66.3,62.8,70.4,75.3,79.1,111
1,INDIA,20,MADHYA PRADESH,SIDHI,63.3,65.5,109.3,64.6,65.4,57.1,69.6,142.5,123.9,110.6
1,INDIA,20,MADHYA PRADESH,SINGRAULI,,,,,,,,127.1,117.1,85.9
1,INDIA,20,MADHYA PRADESH,TIKAMGARH,47.3,59.4,49.5,32.3,109.7,64.8,47.9,93.4,68.1,109.6
1,INDIA,20,MADHYA PRADESH,UJJAIN,74.9,55.8,147.4,93.8,53.3,68.2,59.5,90.1,82.9,106.1
1,INDIA,20,MADHYA PRADESH,UMARIA,76.8,136.2,89.5,83.9,90.6,75.4,73.6,110.5,67.8,98
1,INDIA,20,MADHYA PRADESH,VIDESHA,78,88.3,108,65.2,97.4,75.7,68.6,114,79.6,134.6
1,INDIA,21,MAHARASHTRA,AHMADNAGAR,56.5,53.5,64.3,49.3,54.1,54.3,70.3,40.9,32.8,50.1
1,INDIA,21,MAHARASHTRA,AKOLA,42.8,74.1,99.6,76.3,49.4,67,78.6,51.7,68.7,111.2
1,INDIA,21,MAHARASHTRA,AMARAVATI,54.4,73.7,83.9,91.5,50.1,58.2,91.8,78.1,86.4,92.8
1,INDIA,21,MAHARASHTRA,AURANGABAD,59.6,58.3,84.5,48.9,57,62,78.2,50.1,33.7,59.1
1,INDIA,21,MAHARASHTRA,BID,55.2,56.3,58,47.5,50.6,68.8,78.4,65.6,36,57.5
1,INDIA,21,MAHARASHTRA,BHANDARA,65.1,149.8,112.3,126.2,176.3,127.7,151.8,111.1,139.3,147.1
1,INDIA,21,MAHARASHTRA,BULDHANA,51.4,47.8,89.8,56.5,52.8,70.1,85.3,52,49.8,
1,INDIA,21,MAHARASHTRA,CHANDRAPUR,69.7,133.6,105.9,121.3,89.5,63.4,138,87.3,111.5,158.7
1,INDIA,21,MAHARASHTRA,DHULE,66.1,46.5,78.5,49.8,39.3,56.1,53.3,44.2,36.8,
1,INDIA,21,MAHARASHTRA,GADCHIROLI,92.1,133.9,149.2,132.6,125.9,129.1,170,109.1,158.6,187.2
1,INDIA,21,MAHARASHTRA,GONDIYA,76.4,142.5,126.7,102.1,93,87.4,125.7,104,105.9,163
1,INDIA,21,MAHARASHTRA,HINGOLI,,,,,,,,65.6,64.7,118.8
1,INDIA,21,MAHARASHTRA,JALGAON,54,45.1,103.3,49.6,45.6,59.8,70.7,48.5,34,77.4
1,INDIA,21,MAHARASHTRA,JALNA,53.1,64.7,70.3,40.4,51.8,55.1,74.9,47.9,26.9,68.6
1,INDIA,21,MAHARASHTRA,KOLHAPUR,151.4,234.1,217.6,188.4,173.5,165.8,165.7,183,134.9,157.6
1,INDIA,21,MAHARASHTRA,LATUR,65.5,90.9,74.4,66.9,59.2,45.8,95.7,64.9,64.3,78.3
1,INDIA,21,MAHARASHTRA,MUMBAI CITY,185.6,230.8,233.8,209.1,211.1,180.3,281,247.6,130,203.6
1,INDIA,21,MAHARASHTRA,SUBURBAN MUMBAI,,,,,,,,271.1,171.5,209.8
1,INDIA,21,MAHARASHTRA,NAGPUR,66,110.8,89.7,104.2,70.1,82.2,107.4,81.1,85,120.3
1,INDIA,21,MAHARASHTRA,NANDED,56,73.6,62.1,48.9,46.1,44.1,83.5,57.6,57.1,97.9
1,INDIA,21,MAHARASHTRA,NANDURBAR,91.1,100.5,132.6,93.5,86.5,60,68.4,67.7,73.3,135.2
1,INDIA,21,MAHARASHTRA,NASIK,110.4,124.2,131.2,99.6,98.7,76.7,89.6,75.5,79.2,
1,INDIA,21,MAHARASHTRA,OSMANABAD,56.3,71.7,53.1,51.7,64.3,63.7,89.2,46.9,36.7,61.3
1,INDIA,21,MAHARASHTRA,PARBHANI,49.2,104.9,78.2,68.1,59.1,60.4,97.7,61.9,56.2,83.3
1,INDIA,21,MAHARASHTRA,PUNE,66.8,102.8,98.6,75.9,67.5,78.9,80.1,79.2,57.5,92.2
1,INDIA,21,MAHARASHTRA,RAIGARH,269,331.3,319.3,313.1,276.9,205,297.9,339.2,255.9,316.9
1,INDIA,21,MAHARASHTRA,RATNAGIRI,258.6,302.9,308.2,339.7,249.3,248,350.1,380.2,310.1,363.1
1,INDIA,21,MAHARASHTRA,SANGLI,51.7,88.8,72.9,64.6,60.5,66.4,68.4,50.4,39.2,52.1
1,INDIA,21,MAHARASHTRA,SATARA,79.4,127.5,113.5,95.2,71.8,113.2,114.6,114.8,68.2,77.1
1,INDIA,21,MAHARASHTRA,SINDHUDURG,217.5,248.1,235.4,258.5,254.9,304.1,396.3,353.2,272.2,317.6
1,INDIA,21,MAHARASHTRA,SOLAPUR,47.2,53,45.2,54.4,56,60.7,73.5,41.6,37.9,49.5
1,INDIA,21,MAHARASHTRA,THANE,244.1,296.9,261.6,216.2,231.8,171.1,236.7,240.1,182.7,252.2
1,INDIA,21,MAHARASHTRA,WARDHA,71.6,97.9,91.4,109.6,68.2,61.6,109.8,86,73.3,102.3
1,INDIA,21,MAHARASHTRA,WASHIM,52,87.7,100,70.4,55.8,51.2,99.8,66.2,71.9,110.8
1,INDIA,21,MAHARASHTRA,YAVATMAL,65.8,108,107.5,66.3,58.7,47.5,100.1,70.6,77.4,109.8
1,INDIA,22,MANIPUR,BISHNUPUR,,,,,,,,0,90.8,18.2
1,INDIA,22,MANIPUR,CHANDEL,,,,,,,,,29.2,10.9
1,INDIA,22,MANIPUR,CHURACHANDPUR,,,,,,,,0,0,100.7
1,INDIA,22,MANIPUR,IMPHAL EAST,111.6,102.6,70.5,116.1,88.6,84,136,123.7,137.3,130.4
1,INDIA,22,MANIPUR,IMPHAL WEST,,,,,,,,0,,16
1,INDIA,22,MANIPUR,SENAPATI,0,46.1,122.8,144.4,91.8,88.8,38,0,164.1,104.5
1,INDIA,22,MANIPUR,TAMENGLONG,,,,,,,,,0,
1,INDIA,22,MANIPUR,THOUBAL,,,,,,,,,76.9,103.4
1,INDIA,22,MANIPUR,UKHRUL,,,,,,,,,155.7,77.1
1,INDIA,23,MEGHALAYA,EAST GARO HILLS,,186.7,146.2,272.6,263.6,255,207.2,218,224.6,58
1,INDIA,23,MEGHALAYA,EAST KHASI HILLS,827.9,520,383.4,715.8,573.8,448.9,690.9,513.4,544.5,441.3
1,INDIA,23,MEGHALAYA,JAINTIA HILLS,447.4,262.1,231.5,65,,,,153.7,283.6,199.6
1,INDIA,23,MEGHALAYA,RI BHOI,,,,,,,,179.5,147.6,143.4
1,INDIA,23,MEGHALAYA,SOUTH GARO HILLS,,,,,,,,0,200.2,76.4
1,INDIA,23,MEGHALAYA,WEST GARO HILLS,,,,,,,,111.5,150.3,135.1
1,INDIA,23,MEGHALAYA,WEST KHASI HILLS,,,,,,,,,212.5,70.4
1,INDIA,24,MIZORAM,AIZAWL,205.5,158.1,168.6,230,145.9,150.9,211.1,171.1,195.5,183.4
1,INDIA,24,MIZORAM,CHAMPHAI,,,,,,,,0,71.3,132.5
1,INDIA,24,MIZORAM,CHHIMTUIPUI,177.3,122.8,213,212.2,84.4,33.2,0,,103.9,
1,INDIA,24,MIZORAM,KOLASIB,,,,,,,,72.7,185.9,43.2
1,INDIA,24,MIZORAM,LAWNGTLAI,,,,,,,,0,210.2,164.5
1,INDIA,24,MIZORAM,LUNGLEI,,,,,,,,57.3,195.3,139.1
1,INDIA,24,MIZORAM,MAMIT,,,,,,,,21,138.1,107.2
1,INDIA,24,MIZORAM,SAIHA,,,,,,,,,293,265.3
1,INDIA,24,MIZORAM,SERCHHIP,,,,,,,,0,110.5,97
1,INDIA,25,NAGALAND,DIMAPUR,,,,,,,,66.5,72.6,124
1,INDIA,25,NAGALAND,KIPHIRE,,,,,,,,0,64.7,52.9
1,INDIA,25,NAGALAND,KOHIMA,155.4,130.9,113.3,164.6,156.3,109,156.8,88.6,94.3,135
1,INDIA,25,NAGALAND,LONGLENG,,,,,,,,,,
1,INDIA,25,NAGALAND,MOKOKCHUNG,,,,,,,,,152.3,113.7
1,INDIA,25,NAGALAND,MON,108,132.2,143.1,185,95.2,86.9,74.8,33.2,205.4,111.2
1,INDIA,25,NAGALAND,PEREN,,,,,,,,0,,
1,INDIA,25,NAGALAND,PHEK,148.4,121.5,98.6,141.9,112,87.4,116.9,130.2,134.1,108.9
1,INDIA,25,NAGALAND,TUENSANG,64,61.2,48.7,84,58.5,68.4,,0,0,
1,INDIA,25,NAGALAND,WOKHA,,,,,,,,,155.5,41.8
1,INDIA,25,NAGALAND,ZUNHEBOTO,,,,,,,,,57.5,172.2
1,INDIA,26,ORISSA,ANUGUL,109.6,147.8,115,102.9,129,111.9,81.9,110.2,115.5,118.6
1,INDIA,26,ORISSA,BALANGIR,94.1,95,134.6,103.8,149.2,137.2,101.6,100.7,94.2,108.9
1,INDIA,26,ORISSA,BALESHWAR,133.8,175.4,147.1,185.7,149.6,123.9,117.7,128,94.1,182.5
1,INDIA,26,ORISSA,BODHGARH,115.9,123.2,140.3,115.6,126.5,108.9,90.9,94.3,103.8,
1,INDIA,26,ORISSA,CUTTACK,105.3,164.5,155.3,159.2,157.5,156.4,129.8,122.2,150.3,138.2
1,INDIA,26,ORISSA,DEOGARH,84.3,101.4,93.1,121.8,107.2,81.5,79.3,108.6,112.4,120.1
1,INDIA,26,ORISSA,DHENKANAL,89.5,154.4,131,107.5,112.3,124.6,96.3,128.8,127,135
1,INDIA,26,ORISSA,GAJAPATHI,102.4,110.4,132,113.4,106.7,92,122.8,102.2,98.4,141.4
1,INDIA,26,ORISSA,GANJAM,82,111.8,124.8,107,97.9,105.3,129.8,78.1,108,151.8
1,INDIA,26,ORISSA,JAGATSINGHAPUR,118.3,152.9,155.9,147.2,167,141.8,124.1,92.8,94.8,106.7
1,INDIA,26,ORISSA,JAJAPUR,105.5,127.7,150.4,146.5,140.7,139.4,106.9,140.2,98.8,140.9
1,INDIA,26,ORISSA,JHARSUGUDA,126.9,119.3,111.1,127.1,147.7,92.1,89,107.3,147.5,107
1,INDIA,26,ORISSA,KALAHANDI,130.6,95.9,170.2,146,151.4,128.2,120.8,102.7,107.9,131.5
1,INDIA,26,ORISSA,KANDHAMAL,119,146.8,212.2,150.8,148.2,141.7,141.6,100.8,133.1,130.4
1,INDIA,26,ORISSA,KENDRAPARHA,,,125.9,127.7,135.9,139.7,98.2,131.3,93,138
1,INDIA,26,ORISSA,KENDUJHAR,103.2,177.4,134.1,160,146.7,112.2,99.7,136.2,114.8,141.2
1,INDIA,26,ORISSA,KHORDHA,91.3,105.4,137.3,124,129.8,126.3,118.6,89.3,101.4,144.2
1,INDIA,26,ORISSA,KORAPUT,137.4,148.5,253,195.9,149.2,109.7,137.1,83.8,130.4,136.7
1,INDIA,26,ORISSA,MALKANGIRI,127.1,122.8,186.4,148.3,93.7,79.5,159.4,72.8,171.4,146
1,INDIA,26,ORISSA,MAYURBHANJ,126.5,159,152.6,168.9,149.8,118.8,85.3,147.1,112.7,189.5
1,INDIA,26,ORISSA,NABARANGAPUR,,,198.8,212.2,171.8,123.2,191.9,116.3,141.4,164.6
1,INDIA,26,ORISSA,NAYAGARH,114.9,143.4,127.9,127.6,150.4,136.4,143.9,99.8,146.2,169.1
1,INDIA,26,ORISSA,NUAPARHA,93,88,142.7,105.9,98.4,109.3,75.1,95.1,78,120.5
1,INDIA,26,ORISSA,PURI,87.1,122.5,167.6,121.1,124.9,129.2,131.3,87.8,106.3,128.4
1,INDIA,26,ORISSA,RAYAGARHA,107.3,102.7,152.8,118.2,107.6,103.9,121,76.1,102.3,121.6
1,INDIA,26,ORISSA,SAMBALPUR,110.9,130.2,130.9,131.8,135,99.6,73.9,122.8,163.7,117.6
1,INDIA,26,ORISSA,SONAPUR,81.8,108.3,177.1,124.5,130.4,141.5,77.8,74.6,119.9,109.4
1,INDIA,26,ORISSA,SUNDARGARH,112.9,109.1,109.6,137.6,131.1,95.8,80.9,135,126.5,125.3
1,INDIA,27,PONDICHERRY,KARAIKAL,,,,,,,,110.9,108.1,84.9
1,INDIA,27,PONDICHERRY,MAHE,,,,,,,,,,
1,INDIA,27,PONDICHERRY,PUDUCHERY,153.3,147.8,101.4,112.9,138.3,132,143.1,149.3,82.4,93.2
1,INDIA,27,PONDICHERRY,YANAM,,,,,,,,,,
1,INDIA,28,PUNJAB,AMRITSAR,31.8,57.8,79.8,47.9,72.4,23,39.9,45.5,39.1,57.1
1,INDIA,28,PUNJAB,BARNALA,,,,,,,,25.3,17.6,23
1,INDIA,28,PUNJAB,BATHINDA,27.7,46.1,26.5,21.1,43.9,21,29.8,41.2,18,49.4
1,INDIA,28,PUNJAB,FARIDKOT,10.9,6.5,54.5,30.6,29.9,26.9,21,34.3,14.8,66.4
1,INDIA,28,PUNJAB,FATEHGARH SAHIB,18.5,32.9,0,13,17.2,13.5,25.4,51.2,5.4,57.9
1,INDIA,28,PUNJAB,FIROZPUR,14.6,41.4,31,24.2,9.9,11.1,13.7,23.5,5.5,
1,INDIA,28,PUNJAB,GURDASPUR,58.4,93,86,99.9,101.7,49.9,76.5,80.7,98.2,124.9
1,INDIA,28,PUNJAB,HOSHIARPUR,52.4,40,40.8,51.7,82.8,50.2,57.8,61.8,36.9,48.8
1,INDIA,28,PUNJAB,JALANDHAR,41.4,69.5,48.1,51.9,60.4,51.3,42.8,47.6,33.3,49.5
1,INDIA,28,PUNJAB,KAPURTHALA,23.4,57,41.7,15.3,118.7,63,36.7,58.1,49.8,58.1
1,INDIA,28,PUNJAB,LUDHIANA,38.6,50.9,34.5,39.5,70.1,46.6,47,58.4,25.7,46.2
1,INDIA,28,PUNJAB,MANSA,,,,,,,,15.5,7.9,21.7
1,INDIA,28,PUNJAB,MOGA,9.1,27.2,26.2,23.6,35,27.4,34,50.5,11.7,50.5
1,INDIA,28,PUNJAB,MUKTSAR,14.1,23.9,28.7,40,31.9,14.7,21.9,30.6,6.2,48.7
1,INDIA,28,PUNJAB,NAWASHAHR,65.8,67.6,52.2,58.4,86.2,45.6,63.2,90.1,33.9,69.6
1,INDIA,28,PUNJAB,PATIALA,67.9,64.2,36.4,39.5,110,43,66.5,56.7,31,42
1,INDIA,28,PUNJAB,ROPAR,88.3,72.5,91.3,82.6,87.7,57.1,85.1,73.8,65.2,79.8
1,INDIA,28,PUNJAB,SANGRUR,24.3,23.5,27.9,18,34.9,27,43,35.9,17.9,27.1
1,INDIA,28,PUNJAB,SAS NAGAR,,,,,,,,30.9,34.7,53.9
1,INDIA,29,RAJASTHAN,AJMER,38.9,41.6,36.9,31.5,41,21.1,55.1,54.3,51,46.5
1,INDIA,29,RAJASTHAN,ALWAR,35.7,57.1,37.3,46.4,73.4,41.3,68.4,53,49.9,55.2
1,INDIA,29,RAJASTHAN,BANSWARA,90,63.2,150.1,103.6,40.7,60.4,50.4,91.7,90.6,88.2
1,INDIA,29,RAJASTHAN,BARAN,53.9,66,60.9,46.7,68.6,55.1,50,123,61.9,125.2
1,INDIA,29,RAJASTHAN,BARMER,15.1,15.5,58.1,20.3,23.3,15.1,42.3,37.7,18.6,33.8
1,INDIA,29,RAJASTHAN,BHARATPUR,42.1,58.2,30.4,35.2,65.4,46.3,62.6,61.8,60.4,45.9
1,INDIA,29,RAJASTHAN,BHILWARA,73.1,47,60.3,47.6,42.1,29.9,58.8,59.9,53.4,57.6
1,INDIA,29,RAJASTHAN,BIKANER,9.8,22.3,16.7,27.3,28.2,17,34.7,29.3,26.7,25.3
1,INDIA,29,RAJASTHAN,BUNDI,43,46.9,43.2,48.8,47.1,32.3,51.4,66.7,49.6,74.7
1,INDIA,29,RAJASTHAN,CHITTAURGARH,80,53.2,93.5,50.9,67.8,53.9,64.8,70.9,63.5,77.5
1,INDIA,29,RAJASTHAN,CHURU,20.5,30,20.3,27.9,37,17.8,51.2,54.2,35.8,39
1,INDIA,29,RAJASTHAN,DAUSA,40.1,50.7,30.3,37.9,67.7,32.9,58.3,65.2,66.1,69.3
1,INDIA,29,RAJASTHAN,DHOLPUR,69.1,58.2,31.3,31.6,72.4,35.2,61.4,52.5,64.8,84.5
1,INDIA,29,RAJASTHAN,DUNGARPUR,68,52.4,114.1,78.8,35.4,59.9,49.4,79.6,77.5,79.6
1,INDIA,29,RAJASTHAN,HANUMANGARH,14.3,27.9,19.8,18.5,25.8,13.6,28.3,32.5,20.7,29.5
1,INDIA,29,RAJASTHAN,JAIPUR,45.4,48.8,25.8,35,46.1,24.8,66.3,56.8,52.9,53.8
1,INDIA,29,RAJASTHAN,JAISELMER,14.3,11.6,27.1,15.7,20.6,7.7,31.5,25.8,18.7,19.8
1,INDIA,29,RAJASTHAN,JALOR,21.2,35.7,63.3,26,29,16,64.5,52.1,23.6,50.6
1,INDIA,29,RAJASTHAN,JHALAWAR,67.4,55.1,90.6,60.5,51.6,57.4,50.1,102.7,57.5,119.9
1,INDIA,29,RAJASTHAN,JHUNJHUNUN,26.7,42.5,28.5,33.3,40.4,20.9,56.9,54.3,38.1,40.5
1,INDIA,29,RAJASTHAN,JODHPUR,18.5,20.6,18.6,26.8,22.8,11.6,36.8,32.9,29.1,41.1
1,INDIA,29,RAJASTHAN,KARAULI,40.1,51.8,32.8,45.4,78.7,43.5,59.1,55.6,62.5,69.6
1,INDIA,29,RAJASTHAN,KOTA,71.1,55.4,80.4,62.2,55.2,48.2,49.5,99.7,53,99.2
1,INDIA,29,RAJASTHAN,NAGAUR,25.1,29.5,22.1,21.7,31.9,12.4,44.1,33.8,41.6,41.7
1,INDIA,29,RAJASTHAN,PALI,30,29.9,44.4,37,23.4,22.5,48.3,53.3,42.2,44.9
1,INDIA,29,RAJASTHAN,PRATAPGARH,,,,,,,,105.4,86.5,105.9
1,INDIA,29,RAJASTHAN,RAJSMAND,37,55,55.5,42.4,26.2,32.5,67.3,60.2,50.2,57.5
1,INDIA,29,RAJASTHAN,SWAIMADHOPUR,,,,,,,,69.5,58.4,78.3
1,INDIA,29,RAJASTHAN,SWAIMADHOPUR,50.7,46.6,35.5,38.6,62,36.8,66.1,,,
1,INDIA,29,RAJASTHAN,SIKAR,23.9,28.2,28.7,26.3,44.6,14.7,62,48.9,53.4,43.1
1,INDIA,29,RAJASTHAN,SIROHI,56.3,79,128.8,71.8,39,39.5,88.1,109,67.1,79.8
1,INDIA,29,RAJASTHAN,SRI GANGANAGAR,13.7,17.5,14.1,28.8,22,14,28.6,31.5,21.6,19.4
1,INDIA,29,RAJASTHAN,TONK,42.4,32.6,23.2,31.9,45.6,24.6,64.2,67.7,55.6,66.1
1,INDIA,29,RAJASTHAN,UDAIPUR,50.7,58.8,91,42.8,49.5,48.6,72.8,70.6,58.7,62.3
1,INDIA,30,SIKKIM,EAST,231.6,249.2,222.2,235.9,233.3,190.9,244.7,216.8,217,198.7
1,INDIA,30,SIKKIM,NORTH,231.6,249.2,222.2,235.9,233.3,190.9,244.7,185.7,288.8,232
1,INDIA,30,SIKKIM,SOUTH,231.6,249.2,222.2,235.9,233.3,190.9,244.7,185.3,152.7,145.2
1,INDIA,30,SIKKIM,WEST,231.6,249.2,222.2,235.9,233.3,190.9,244.7,146.1,202.4,205.1
1,INDIA,31,TAMIL NADU,ARIYALUR,,,,,,,,79.8,55.7,55.6
1,INDIA,31,TAMIL NADU,CHENNAI,108.2,206.8,117.1,107.8,116,87.3,118.2,140.7,77.7,92.4
1,INDIA,31,TAMIL NADU,COIMBATORE,59.5,83.7,63.8,60.2,102.9,102.5,60.9,78.4,46.6,74.9
1,INDIA,31,TAMIL NADU,CUDDALORE,133.6,158.5,112.5,101.9,154.1,115.5,126.6,124,73.6,81.5
1,INDIA,31,TAMIL NADU,DHARAMPURI,87.8,111.1,63.4,77.5,75.1,68,87.4,80.1,60,66.8
1,INDIA,31,TAMIL NADU,DINDIGUL,87,109.1,71.6,76.7,92.6,66.7,99.7,83.8,53,44.3
1,INDIA,31,TAMIL NADU,ERODE,69.1,99.3,58.2,59.5,66,61.5,81.3,72.8,45.4,46.5
1,INDIA,31,TAMIL NADU,KANCHIPURAM,94.1,161.2,90,102,116.4,93.8,114,123,75.2,75.4
1,INDIA,31,TAMIL NADU,KANYAKUMARI,86.9,111.6,112.5,102.8,128.4,92,140.8,91.8,67.6,100.1
1,INDIA,31,TAMIL NADU,KARUR,68.3,91.9,46.3,60.9,70.4,49,69.8,63.6,40.4,38.4
1,INDIA,31,TAMIL NADU,KRISHNAGIRI,,150.7,47.9,77.8,84.2,75.6,83.7,75.9,57.9,63.8
1,INDIA,31,TAMIL NADU,MADURAI,76.3,104.9,67.9,68.9,84.2,61.9,100.8,82.6,45.7,50.8
1,INDIA,31,TAMIL NADU,NAGAPATTINAM,149.5,140.5,103.7,123.7,154.7,153.8,133,98.1,84.9,
1,INDIA,31,TAMIL NADU,NAMAKKAL,59,98.6,70.9,62.9,79.8,51.1,72.3,71.8,41,51.9
1,INDIA,31,TAMIL NADU,NILGIRI,165.4,160,138.2,157.9,186.1,203.9,170.2,143.4,122.3,127.8
1,INDIA,31,TAMIL NADU,PERAMBALUR,92.5,111.9,63,75.7,86.9,62.2,78.3,73.7,41.5,
1,INDIA,31,TAMIL NADU,PUDUKKOTTAI,95.4,109.1,66.3,67.5,90.9,64.1,82.7,,,
1,INDIA,31,TAMIL NADU,RAMANATHAPURAM,93.1,104.5,71.3,65.6,124.4,77.1,92.4,68.1,44.7,48.3
1,INDIA,31,TAMIL NADU,SALEM,81.8,101.3,73,79.2,95,74.7,105.4,93,69.3,69.2
1,INDIA,31,TAMIL NADU,SIVAGANGA,92,107.4,80.5,73.9,98.1,74.8,96.1,84.9,53.2,60.4
1,INDIA,31,TAMIL NADU,THANJAVUR,109.1,122,70.1,89.4,121,99.7,113.7,80.9,57.1,59.6
1,INDIA,31,TAMIL NADU,TENI,48,93.5,61.7,72.8,86.9,67.8,85.1,87.5,51,70.9
1,INDIA,31,TAMIL NADU,TIRUVANNAMALAI,121.9,119.6,77,99.4,96.3,72.2,107.9,99.7,88.4,67.8
1,INDIA,31,TAMIL NADU,TIRUNELVELI,86.8,85.3,98.1,70,107.6,76.1,72.1,79.1,60.3,76.5
1,INDIA,31,TAMIL NADU,TIRUPPUR,,,,,,,,58.8,30,23.1
1,INDIA,31,TAMIL NADU,TIRUVALLUR,88.4,167.1,96.8,111,118.2,79,123,116.5,86.1,88.9
1,INDIA,31,TAMIL NADU,THIRUVARUR,153.6,108.9,87.3,117.9,134.2,117.9,149.7,91.3,79.5,76.5
1,INDIA,31,TAMIL NADU,TOOTHUKUDI,,,,,,,,53.4,52.2,34.2
1,INDIA,31,TAMIL NADU,TIRUCHIRAPPALLI,84.5,112.8,63.4,73.4,89.1,56.3,75.5,70.7,35,43.6
1,INDIA,31,TAMIL NADU,TUTICORIN,70.3,61.2,75.8,48.1,89.7,55.4,65.4,,,
1,INDIA,31,TAMIL NADU,VELLORE,75.4,109.8,71.3,95.7,72,63.2,84.1,81.9,67.5,66
1,INDIA,31,TAMIL NADU,VILLUPURAM,130.7,115.4,89.3,100,119.4,88.2,113.5,93.9,74.9,
1,INDIA,31,TAMIL NADU,VIRUDHUNAGAR,53.6,82.8,81.9,66.3,89.2,44.7,71.4,67,42.6,
1,INDIA,33,TRIPURA,DHALAI,,,,,,,,104.1,125.2,155.7
1,INDIA,33,TRIPURA,NORTH TRIPURA,244.4,230.4,187.9,229.5,158.7,176.8,261,188.9,195,203
1,INDIA,33,TRIPURA,SOUTH TRIPURA,219.6,200.7,151.2,272.5,173.3,192.9,156.4,150.1,157.8,170.8
1,INDIA,33,TRIPURA,WEST TRIPURA,193.2,181.6,162.9,236.3,133.2,155.2,164.3,144.2,146.9,151.4
1,INDIA,34,UTTARAKHAND,ALMORA,109.7,99.4,75.5,127.2,95.8,54,119.1,97,68.9,97
1,INDIA,34,UTTARAKHAND,BAGESHWAR,,,,,,,,139.2,133.8,138.9
1,INDIA,34,UTTARAKHAND,CHAMOLI,87,124.6,110.5,143.1,117.8,80.4,135.7,124.1,109.6,159.3
1,INDIA,34,UTTARAKHAND,CHAMPAWAT,312.2,232.7,192,350.5,373.3,306.5,206.9,166.5,109.5,123.1
1,INDIA,34,UTTARAKHAND,DEHRADUN,168.1,175.3,144.6,245,198.6,126.6,231.8,200.2,166.8,226.5
1,INDIA,34,UTTARAKHAND,PAURI GARHWAL,188.7,226,154.8,272.1,121.3,102.7,130.9,121.6,98.4,89.1
1,INDIA,34,UTTARAKHAND,TEHRI GARWAL,70.9,87.1,74.3,78.2,84.4,40.3,124.6,91.1,80.5,108.3
1,INDIA,34,UTTARAKHAND,HARIDWAR,65.5,124.4,101.7,236.1,233.2,89.3,120.1,120,80.3,122.1
1,INDIA,34,UTTARAKHAND,NANITAL,94.4,121.5,85.2,139.5,150.2,116.4,208.1,168.4,133.8,177.8
1,INDIA,34,UTTARAKHAND,PITHORAGARH,214.8,71.8,142.9,11.9,113.6,164.7,139.9,147.1,124.5,154.4
1,INDIA,34,UTTARAKHAND,RUDRAPRAYAG,150.1,195.1,130.3,135.6,144.5,78.7,152,138.5,105.2,152.6
1,INDIA,34,UTTARAKHAND,UDHAM SINGH NAGAR,161.7,204.8,172,218.9,316,72.1,166,138.9,64.6,110.6
1,INDIA,34,UTTARAKHAND,UTTARKASHI,479.7,237.9,253.4,425,266.7,192.5,177.1,179.6,113.9,167.9
1,INDIA,35,UTTARPRADESH,AGRA,36,34.9,26.3,30.6,45.4,30.9,34.9,34.5,49.4,59.2
1,INDIA,35,UTTARPRADESH,ALIGARH,42.8,64.6,29.9,47.5,87.9,40.6,52.2,57.6,41.4,54.2
1,INDIA,35,UTTARPRADESH,ALLAHABAD,60.7,70.7,74.7,84.1,103.1,43.2,48.2,82,89.5,102.9
1,INDIA,35,UTTARPRADESH,AMBEDKARNAGAR,103.7,112.5,38.9,52.7,166.2,58.2,46.5,87.8,79.8,111.3
1,INDIA,35,UTTARPRADESH,AURAIYA,61.5,29.4,56.4,54.1,174.7,61.4,48.4,53.6,42.7,57.8
1,INDIA,35,UTTARPRADESH,AZAMGARH,66.9,90,93.7,161,186.5,92.7,70.4,86.9,54.8,71.9
1,INDIA,35,UTTARPRADESH,BAGHPAT,32.9,64.9,38.9,61.2,77.7,72.9,75.8,40.8,26.9,60.4
1,INDIA,35,UTTARPRADESH,BAHRAICH,99.9,108.6,79.4,123.7,105.8,110.8,70.5,86.9,79.2,105.1
1,INDIA,35,UTTARPRADESH,BALLIA,47.4,54.9,50.5,86.3,242.1,36.4,42.6,58.3,56.4,65.5
1,INDIA,35,UTTARPRADESH,BALRAMPUR,82,63.9,73.7,79.2,289.1,113.5,81.2,59.2,99.6,107.9
1,INDIA,35,UTTARPRADESH,BANDA,69.8,94.3,58.2,49.7,106,67.9,55.8,84.1,65.4,107.4
1,INDIA,35,UTTARPRADESH,BARABANKI,76.8,64.6,51.5,52.9,137.9,143.2,67.3,84.1,83.5,74.4
1,INDIA,35,UTTARPRADESH,BAREILLY,63.9,74.6,58,86.7,113,74.5,119.2,99.7,51.5,107.4
1,INDIA,35,UTTARPRADESH,BASTI,93.3,248,169.1,252.6,156.9,104.5,68.7,84.7,84,114.5
1,INDIA,35,UTTARPRADESH,BIJNOR,90.9,94.8,67.5,105.1,80.8,58.2,108.2,70.8,51.1,91.6
1,INDIA,35,UTTARPRADESH,BADAUN,38.8,90.3,64.6,66.6,138.7,61.8,63.3,65.4,39.6,55.3
1,INDIA,35,UTTARPRADESH,BULANDSAHAR,48.5,59.3,27,44.8,122.1,59,62.5,58.5,33.2,
1,INDIA,35,UTTARPRADESH,CHANDAULI,,,,,,,,58.3,38,56.8
1,INDIA,35,UTTARPRADESH,DEORIA,83.8,60.9,71.1,114.1,227,55.5,69,64.9,63.3,70.6
1,INDIA,35,UTTARPRADESH,ETAH,40.5,26.4,43,39,61.4,27.2,48.4,46.2,39.4,54.4
1,INDIA,35,UTTARPRADESH,ETAWAH,47.9,30.6,27,23.6,62.9,40.1,47.3,45.1,38.1,56.8
1,INDIA,35,UTTARPRADESH,FAIZABAD,80.8,99.4,50.9,82.5,158.4,89.2,69.6,96.2,80.1,79.8
1,INDIA,35,UTTARPRADESH,FARRUKHABAD,67.1,46.2,58.2,50.9,82.8,63.5,84.7,60.5,37.2,63.4
1,INDIA,35,UTTARPRADESH,FATEHPUR,58.8,45.1,34.8,52.5,223.4,60.6,51.5,46.7,59.1,90.9
1,INDIA,35,UTTARPRADESH,FIROZABAD,43,52.7,60.5,55.8,175.7,57.8,38.3,38.3,39.2,70.1
1,INDIA,35,UTTARPRADESH,GAUTAMBUDHNAGAR,,,,,,,,69.1,33.2,29.9
1,INDIA,35,UTTARPRADESH,GHAZIABAD,62.8,54.3,39.6,32.9,34.9,29.5,57.8,41.3,30.8,40.2
1,INDIA,35,UTTARPRADESH,GAZIPUR,31.8,55.6,67.8,100.9,95.4,53.6,62.9,81.1,56.7,90.2
1,INDIA,35,UTTARPRADESH,GONDA,78.9,93.8,51,110.1,219.7,137.6,85.5,84.3,78.2,107.3
1,INDIA,35,UTTARPRADESH,GORAKHPUR,90.8,103.5,87.9,126,143.1,80.8,108.4,82.9,91.4,122.6
1,INDIA,35,UTTARPRADESH,HAMIRPUR,46.6,51.2,37.8,38.2,100.9,56.9,45,75.4,53.7,94.7
1,INDIA,35,UTTARPRADESH,HARDOI,79.5,53.3,49.9,38.1,79.5,53.8,64.9,52.5,68.2,64.3
1,INDIA,35,UTTARPRADESH,JALAUN,52.4,56.2,35.3,32.3,73.6,53.3,58.4,57.3,56.3,83.6
1,INDIA,35,UTTARPRADESH,JAUNPUR,47.6,66.4,91.9,96.6,186.8,72.7,41.7,54.1,49.4,60.6
1,INDIA,35,UTTARPRADESH,JHANSI,57.8,51.6,32.4,29.4,97.5,49.6,50.2,73.7,54.1,100.3
1,INDIA,35,UTTARPRADESH,JYOTIBAPHULE NAGAR,64.9,101.7,77.2,73.4,137,54.7,108.6,85.1,53.6,50.9
1,INDIA,35,UTTARPRADESH,KANNAUJ,,,,,,,,55.1,62.2,91.8
1,INDIA,35,UTTARPRADESH,KANPUR DEHAT,79,144.8,109.3,84.4,75,51.5,57,67.3,62.4,57.5
1,INDIA,35,UTTARPRADESH,KANPUR,63.3,53.8,45.2,57.3,131.2,49,43.6,53.5,41,85.3
1,INDIA,35,UTTARPRADESH,KANSHIRAMNAGAR,,,,,,,,92.7,62.1,77.3
1,INDIA,35,UTTARPRADESH,KAUSHAMBI,,,,,,,,46.9,40.9,55.6
1,INDIA,35,UTTARPRADESH,KHERI,100.7,68.4,66.2,102.3,217.3,107,106.7,80.3,95.1,105.1
1,INDIA,35,UTTARPRADESH,LALITPUR,117.5,101.7,60.4,59.3,83,83.6,62.8,110.1,72.7,140.4
1,INDIA,35,UTTARPRADESH,LACKNOW,63,48.9,76.2,67.1,121.6,69.3,67.5,72.1,62.8,65.8
1,INDIA,35,UTTARPRADESH,MAHAMAYANAGAR,40.7,76,36.9,31.7,48.5,27.2,52,69.8,36.5,48
1,INDIA,35,UTTARPRADESH,MAHOBA,,,,,,,,52.6,47.2,72.6
1,INDIA,35,UTTARPRADESH,MAHARAJGANJ,97.5,90.9,88.3,123,100.2,55.1,62.8,41.4,38.8,69.2
1,INDIA,35,UTTARPRADESH,MAINPURI,57.1,54.5,45,0.4,148.5,54.1,36.3,51.7,33,66.3
1,INDIA,35,UTTARPRADESH,MATHURA,40.6,67.4,26.6,23.3,83.1,34.2,57.1,43.8,45.2,36.3
1,INDIA,35,UTTARPRADESH,MAU,133.2,155,58.5,33.7,207.8,46.2,36,54.5,45.7,56.2
1,INDIA,35,UTTARPRADESH,MEERUT,60.2,58.1,29.4,34,36.4,18.6,58.5,46.3,32.9,77
1,INDIA,35,UTTARPRADESH,MIRZAPUR,66.1,68.1,67.7,75.2,224.3,52,54.6,76.5,91,86.9
1,INDIA,35,UTTARPRADESH,MORADABAD,75.4,89.8,49.7,99.5,93.5,57.8,127.5,97.5,54.6,100.5
1,INDIA,35,UTTARPRADESH,MUZAFARNAGAR,34,77.4,37.9,48.4,40.9,23.6,46.7,36.2,42.4,88.6
1,INDIA,35,UTTARPRADESH,PILHIBHIT,64,61.8,31.2,56.5,43.9,114.9,95.6,86.4,65.2,71
1,INDIA,35,UTTARPRADESH,PRATAPGARH,36.9,46.8,59.4,65.8,119,54,59.8,68.8,62.5,105.8
1,INDIA,35,UTTARPRADESH,RAE BAREILLY,69,53.2,52.9,68.8,58.4,28.3,28.9,39.8,48.6,76.7
1,INDIA,35,UTTARPRADESH,RAMPUR,72.8,76.4,64.8,33.7,64.7,54.9,71.5,48.3,31.7,63.5
1,INDIA,35,UTTARPRADESH,SHARANPUR,77.7,102.2,49.6,90.6,128.1,79.3,102,74,59.4,128.5
1,INDIA,35,UTTARPRADESH,SAHUJI MAHARAJ  NAGAR,64.6,35.4,49.6,38,129,48.4,35.4,87.5,86.5,109.9
1,INDIA,35,UTTARPRADESH,SANTKABIRNAGAR,,,,,,,,75.5,95.1,92.9
1,INDIA,35,UTTARPRADESH,SANTRAVIDASNAGAR,49.5,56,56.8,72.6,282.2,87.2,43.3,57.3,93.1,69.7
1,INDIA,35,UTTARPRADESH,SHAHJAHANPUR,56.5,57.9,50.3,80.8,119.2,71.4,85.6,62.5,73.3,93.8
1,INDIA,35,UTTARPRADESH,SHRAWASTI,110.9,134.4,202.2,222.4,171.4,154.6,86,96.1,109.2,116.4
1,INDIA,35,UTTARPRADESH,SIDDHARTHNAGAR,113.4,182.8,179.1,141.5,249.1,130.3,77.3,82.9,102.4,116.9
1,INDIA,35,UTTARPRADESH,SITAPUR,92.5,63.9,84.1,82,175.7,95.5,72.2,96.8,79.9,85.6
1,INDIA,35,UTTARPRADESH,SONBHADRA,55.3,44.9,76.1,70.2,58,44.5,48,114.3,88.9,85.2
1,INDIA,35,UTTARPRADESH,SULTANPUR,59.9,68.3,55.2,69.3,97.2,59,60.8,60,67.6,94.3
1,INDIA,35,UTTARPRADESH,UNNAO,66.2,52.8,52.4,62.1,161.9,92.7,61.3,59,65.3,78.4
1,INDIA,35,UTTARPRADESH,VARANASI,46.9,73.1,64.2,63.8,110,36.1,58.8,91.7,62.6,85.8
1,INDIA,36,WEST BENGAL,BANKURA,130,112,116.2,151.2,129.8,108.3,86.7,156.7,112.6,178.4
1,INDIA,36,WEST BENGAL,BARDAMAN,106.8,105.4,125.5,146.2,136.5,108,82.4,126.5,106.4,128
1,INDIA,36,WEST BENGAL,BIRBHUM,138.7,126,152.6,142.7,116.6,103.2,85.3,128.7,87.7,114.5
1,INDIA,36,WEST BENGAL,KOCHBIHAR,263.5,273.7,195.3,201.7,235.9,193,278.2,219,304.9,203.8
1,INDIA,36,WEST BENGAL,DARJEELING,235,185.8,229.8,273.8,276.3,250.8,294.9,278.2,247.5,247.5
1,INDIA,36,WEST BENGAL,EASTMEDNIPUR,123.9,164.9,133.6,188.7,158.7,110.1,117.7,124.2,115.8,179.4
1,INDIA,36,WEST BENGAL,HAORA,109.9,141.8,142.8,188.9,170.7,108.9,103.7,121.9,100.5,154.6
1,INDIA,36,WEST BENGAL,HUGLI,113.6,104.5,105.9,146.6,118.7,96.3,86.1,123.8,90.8,113.8
1,INDIA,36,WEST BENGAL,JALPAIGURI,329.4,283.8,260.1,292.3,296.6,261.5,345.5,252.9,318.4,289.4
1,INDIA,36,WEST BENGAL,KOLKATA,,,,,,,,129.8,139,203.8
1,INDIA,36,WEST BENGAL,MALDA,147.2,119.6,101.8,129.5,125.3,110.4,99.1,116.3,74.3,103.1
1,INDIA,36,WEST BENGAL,MURSIDABAD,92.7,87.6,135.6,191.8,97.8,112.6,78.4,145.1,81.6,102.3
1,INDIA,36,WEST BENGAL,NADIA,105.2,113,108.1,141.1,123.3,124.7,70.5,117.8,71.8,107.3
1,INDIA,36,WEST BENGAL,NORTH 24 PRAGANA,132.5,132.9,132,159,123.7,103.9,104.5,159.6,107.6,152.3
1,INDIA,36,WEST BENGAL,UTTAR_DINAJPUR,181,332.3,202.4,386.9,290.3,262.2,250.5,170.4,102.3,131.7
1,INDIA,36,WEST BENGAL,PURULIYA,162.1,162.6,188.3,148.6,115.3,97.1,75.1,146.9,116.7,148.4
1,INDIA,36,WEST BENGAL,DAKSHIN DINAJPUR,96.8,182.4,94.4,131.8,108.1,81.9,116.1,124.1,117.3,97.5
1,INDIA,36,WEST BENGAL,SOUTH 24 PARGANAS,155.3,179,156.6,187.7,135.2,125.2,109.1,147.1,118.7,191.7
1,INDIA,36,WEST BENGAL,PASHCHIM MEDINIPUR,123.9,164.9,133.6,188.7,158.7,110.1,117.7,139.8,109,162.7
